,city,state,area,time,number,lat,lon,avg_time,score
344,Sandy,Utah,29428.0,13.736186198980914,13,40.564978100000005,-111.8389726,1.0566297076139164,27850.81640989858
771,Murray,Utah,29428.0,14.089012254796893,13,40.6668916,-111.8879909,1.0837701734459149,27153.358452772176
813,Draper,Utah,29428.0,14.346783320558533,13,40.5246711,-111.8638226,1.103598716966041,26665.489500478943
123,Salt Lake City,Utah,29428.0,14.359361631390836,13,40.760779299999996,-111.89104740000002,1.1045662793377566,26642.13144153158
591,Taylorsville,Utah,29428.0,14.747877240178713,13,40.66772479999999,-111.93882579999999,1.1344520953983626,25940.275591510424
251,West Jordan,Utah,29428.0,14.856634582881806,13,40.6096698,-111.9391031,1.142818044837062,25750.380940297207
564,South Jordan,Utah,29428.0,14.948716463541706,13,40.5621704,-111.929658,1.149901266426285,25591.762405356472
855,Bountiful,Utah,29428.0,15.06009676387033,13,40.8893895,-111.880771,1.1584689818361793,25402.49282579536
894,Riverton,Utah,29428.0,15.365790241473707,13,40.521893,-111.9391023,1.1819838647287466,24897.124976197058
472,Layton,Utah,28778.0,13.871142226947324,12,41.0602216,-111.9710529,1.155928518912277,24896.003108462068
192,West Valley City,Utah,29428.0,15.594161484855269,13,40.691613200000006,-112.00105009999999,1.1995508834504052,24532.51496539512
236,Provo,Utah,28964.0,14.28168538361025,12,40.233843799999995,-111.6585337,1.1901404486341876,24336.623491151204
654,Lehi,Utah,29428.0,15.805968707946944,13,40.3916172,-111.8507662,1.2158437467651495,24203.76802388923
336,Orem,Utah,29428.0,16.219229305586573,13,40.2968979,-111.69464750000002,1.2476330235066595,23587.06402086745
682,Carson City,Nevada,26215.0,17.33964284304717,15,39.1637984,-119.76740339999999,1.155976189536478,22677.8027413451
981,Roy,Utah,28778.0,15.260357213999002,12,41.1616108,-112.02633130000001,1.2716964344999169,22629.61444200061
383,Ogden,Utah,28778.0,15.334192021696662,12,41.223,-111.9738304,1.2778493351413884,22520.65185510766
88,Reno,Nevada,26127.0,17.602143313492515,14,39.529632899999996,-119.8138027,1.2572959509637511,20780.31030003155
989,Spanish Fork,Utah,28964.0,16.89202950972419,12,40.114955,-111.654923,1.407669125810349,20575.857968985696
319,Sparks,Nevada,26127.0,18.610335813002187,14,39.5349112,-119.7526886,1.3293097009287276,19654.56204957074
769,Logan,Utah,30378.0,30.168200891820607,14,41.7369803,-111.83383590000001,2.1548714922729006,14097.360380390062
277,Boulder,Colorado,26060.0,26.086658378162326,13,40.0149856,-105.2705456,2.0066660290894096,12986.715089718033
168,Lakewood,Colorado,22970.0,18.459198672189707,10,39.7047095,-105.08137340000002,1.8459198672189707,12443.660425306643
447,Folsom,California,26367.0,32.72491474864087,15,38.6779591,-121.17605829999998,2.1816609832427245,12085.745770091766
594,Rocklin,California,26367.0,33.045986647994326,15,38.7907339,-121.2357828,2.203065776532955,11968.32172732251
817,Lincoln,California,26367.0,33.772535612711685,15,38.891565,-121.29300790000002,2.251502374180779,11710.847078095474
829,Littleton,Colorado,23770.0,22.7698111302377,11,39.613321,-105.0166498,2.0699828300216088,11483.187036750378
204,Roseville,California,26367.0,34.4587038176413,15,38.752123499999996,-121.28800590000002,2.297246921176087,11477.651686872774
371,Citrus Heights,California,26367.0,34.67027470478743,15,38.7071247,-121.2810611,2.3113516469858286,11407.610795347602
493,Rancho Cordova,California,25167.0,32.98156899155873,14,38.5890723,-121.302728,2.3558263565399096,10682.875641549284
241,Arvada,Colorado,17423.0,15.29784832172646,9,39.802764399999994,-105.08748419999999,1.6997609246362735,10250.2650504972
572,Broomfield,Colorado,20438.0,22.21344651461469,11,39.9205411,-105.0866504,2.0194042286013354,10120.806775845773
246,Westminster,Colorado,17423.0,16.123112784821238,9,39.836652799999996,-105.03720459999998,1.7914569760912487,9725.603367832458
150,Elk Grove,California,25167.0,36.318686645496214,14,38.4087993,-121.37161780000001,2.5941919032497296,9701.286928107917
537,Yuba City,California,25265.0,34.140237135271235,13,39.1404477,-121.6169108,2.6261720873285563,9620.466275574703
34,Sacramento,California,25167.0,36.88766509420649,14,38.5815719,-121.49439960000001,2.634833221014749,9551.648202730446
20,Denver,Colorado,17423.0,16.612956562514825,9,39.739235799999996,-104.990251,1.8458840625016473,9438.837657218492
719,West Sacramento,California,25167.0,37.632852306926964,14,38.5804609,-121.53023400000001,2.6880608790662115,9362.511167806068
345,Longmont,Colorado,20513.0,26.7507317581782,12,40.167206799999995,-105.10192749999999,2.22922764651485,9201.841737459967
964,Northglenn,Colorado,17423.0,17.16592337017596,9,39.8961821,-104.98114679999999,1.90732481890844,9134.783874920247
196,Thornton,Colorado,17423.0,17.181978386623086,9,39.8680412,-104.9719243,1.9091087096247874,9126.248239380922
723,Commerce City,Colorado,17423.0,17.55322244479101,9,39.8083196,-104.9338675,1.9503580494212234,8933.231518782075
268,Centennial,Colorado,17423.0,18.42333076262424,9,39.5807452,-104.87717260000001,2.0470367514026933,8511.327404386471
469,Loveland,Colorado,20113.0,26.23247896343924,11,40.397761200000005,-105.0749801,2.384770814858113,8433.934143561157
523,Davis,California,25167.0,42.3337902129573,14,38.5449065,-121.74051670000001,3.0238421580683785,8322.855058041987
53,Aurora,Colorado,17423.0,18.946718424148614,9,39.729431899999994,-104.8319195,2.1051909360165126,8276.208918592522
550,Lodi,California,21385.0,28.72537513706304,11,38.1341477,-121.27221940000001,2.6113977397330035,8189.1010605632455
638,Woodland,California,24305.0,38.806753637027896,13,38.67851570000001,-121.7732971,2.985134895155992,8142.01061380508
660,Castle Rock,Colorado,18223.0,22.756207567089575,10,39.372212100000006,-104.8560902,2.2756207567089577,8007.924847000613
158,Fort Collins,Colorado,20113.0,28.253384919948967,11,40.5852602,-105.084423,2.568489538177179,7830.6723469366025
750,Parker,Colorado,17423.0,20.310932771607945,9,39.5186002,-104.76136329999999,2.2567703079564385,7720.324899070903
732,Sammamish,Washington,10946.0,10.544181845145284,7,47.61626829999999,-122.0355736,1.506311692163612,7266.7563140783695
613,Redmond,Washington,10946.0,11.18483901078984,7,47.6739881,-122.12151200000001,1.5978341443985487,6850.523277633585
306,Renton,Washington,10946.0,11.335639892481812,7,47.48287759999999,-122.21706609999998,1.6193771274974016,6759.3890355337035
189,Bellevue,Washington,10946.0,11.375620341586153,7,47.610377,-122.20067859999999,1.6250886202265933,6735.632668742552
216,Kent,Washington,10946.0,11.600165733495869,7,47.380933500000005,-122.23484309999999,1.6571665333565526,6605.250455926797
374,Kirkland,Washington,10946.0,11.654906229676811,7,47.6814875,-122.20873529999999,1.6649866042395445,6574.227067129713
438,Auburn,Washington,10946.0,11.818134554909667,7,47.30732279999999,-122.22845320000002,1.6883049364156668,6483.425928516657
953,Puyallup,Washington,9946.0,9.226234286966804,6,47.1853785,-122.29289740000002,1.5377057144944672,6468.077673282124
41,Colorado Springs,Colorado,17817.0,24.823254080998392,9,38.8338816,-104.82136340000001,2.7581393423331546,6459.789658389163
785,Coeur d'Alene,Idaho,8365.0,6.573815143701457,5,47.677683200000004,-116.78046640000001,1.3147630287402914,6362.363267861832
747,Burien,Washington,10946.0,12.082906166603765,7,47.4703767,-122.3467918,1.7261294523719664,6341.3552123558975
19,Seattle,Washington,10946.0,12.111507912845402,7,47.6062095,-122.33207079999998,1.7302154161207717,6326.379881957977
325,Federal Way,Washington,10946.0,12.183673102667509,7,47.3223221,-122.3126222,1.7405247289525012,6288.908061988653
106,Tacoma,Washington,9946.0,9.808646675204,6,47.252876799999996,-122.4442906,1.6347744458673334,6084.019740547832
668,Shoreline,Washington,10946.0,12.685167944427874,7,47.7556531,-122.3415178,1.812166849203982,6040.282662056296
908,Edmonds,Washington,10946.0,13.1503714215938,7,47.8106521,-122.37735520000001,1.8786244887991141,5826.60348849018
271,Everett,Washington,10946.0,13.419819316158952,7,47.9789848,-122.2020794,1.9171170451655646,5709.614875942376
608,Lakewood,Washington,7946.0,7.003759756635,5,47.1717649,-122.51845800000001,1.400751951327,5672.667450130889
871,Concord,New Hampshire,11116.0,81.16855736997842,41,43.2081366,-71.5375718,1.9797209114628882,5614.932860302001
542,Marysville,Washington,10946.0,13.899958806986936,7,48.0517637,-122.1770818,1.9857084009981336,5512.390436832467
965,Bremerton,Washington,8946.0,10.443619367103668,6,47.567320200000005,-122.6329356,1.7406032278506114,5139.597500946263
62,Stockton,California,13230.0,20.608901985681392,8,37.9577016,-121.29077959999998,2.576112748210174,5135.644784643805
338,Spokane Valley,Washington,8720.0,10.390113252666223,6,47.6732281,-117.2393748,1.7316855421110373,5035.5562762103755
599,Grand Junction,Colorado,12513.0,12.476701682333337,5,39.0638705,-108.5506486,2.4953403364666675,5014.546439672457
101,Spokane,Washington,8720.0,10.930699644297317,6,47.6587802,-117.4260466,1.8217832740495528,4786.518859961174
253,Manchester,New Hampshire,9730.0,80.26813573863086,39,42.995639700000005,-71.4547891,2.0581573266315605,4727.529753969002
821,Lacey,Washington,7946.0,8.522397399646492,5,47.03426289999999,-122.82319150000001,1.7044794799292984,4661.83377011356
764,Olympia,Washington,7946.0,8.811705020818444,5,47.0378741,-122.9006951,1.7623410041636887,4508.77553278671
348,Chico,California,13285.0,23.576707803160428,8,39.728494399999995,-121.8374777,2.9470884753950535,4507.838875865158
623,Idaho Falls,Idaho,6740.0,7.821907885284446,5,43.49165139999999,-112.0339645,1.5643815770568892,4308.41177040715
328,Yakima,Washington,10694.0,14.927514140450173,6,46.6020711,-120.5058987,2.487919023408362,4298.371409753358
852,Pittsfield,Massachusetts,8842.0,93.5633970596853,45,42.450084499999996,-73.2453824,2.07918660132634,4252.624557295422
28,Las Vegas,Nevada,2535.0,1.2042245668135592,2,36.169941200000004,-115.13982959999998,0.6021122834067796,4210.178184136771
362,Nashua,New Hampshire,8943.0,80.82289683442363,38,42.7653662,-71.46756599999998,2.1269183377479903,4204.674829908594
875,Burlington,Vermont,8750.0,50.04257794612885,24,44.475882500000004,-73.21207199999998,2.0851074144220356,4196.426495574754
918,Fitchburg,Massachusetts,8313.0,76.99852434006317,38,42.583422799999994,-71.8022955,2.0262769563174516,4102.598104411164
384,Bend,Oregon,7419.0,9.18747883521642,5,44.058172799999994,-121.31530959999999,1.8374957670432839,4037.5603215336487
304,Greeley,Colorado,9977.0,18.097764450328054,7,40.42331420000001,-104.7091322,2.5853949214754364,3858.9849145005333
749,Troy,New York,7962.0,82.77341729390609,40,42.7284117,-73.69178509999998,2.0693354323476525,3847.6120765820665
898,Leominster,Massachusetts,7993.0,79.05509097624177,38,42.5250906,-71.759794,2.080397130953731,3842.054904361319
305,Albany,New York,7690.0,77.08398294104417,38,42.65257929999999,-73.7562317,2.0285258668695834,3790.930214691909
93,North Las Vegas,Nevada,2535.0,1.3501435264077508,2,36.1988592,-115.1175013,0.6750717632038754,3755.1563228906907
715,Albany,Oregon,9569.0,15.375280337029233,6,44.6365107,-123.10592820000001,2.5625467228382055,3734.1758160809813
482,Turlock,California,9120.0,19.69286720380097,8,37.494656799999994,-120.84659409999999,2.461608400475121,3704.89473396326
98,Boise City,Idaho,8296.0,11.234040468828043,5,43.6187102,-116.2146068,2.2468080937656087,3692.3491699266838
533,Schenectady,New York,7261.0,67.21585051689281,34,42.8142432,-73.93956870000001,1.9769367799086122,3672.8539191504415
492,Missoula,Montana,7090.0,12.791416562168768,6,46.87871759999999,-113.99658600000001,2.1319027603614615,3325.667629792786
63,Anchorage,Alaska,1640.0,0.9881807938924444,2,61.2180556,-149.90027780000003,0.4940903969462222,3319.2306714240813
684,Pocatello,Idaho,7704.0,16.308341210478996,7,42.8713032,-112.4455344,2.329763030068428,3306.774079840096
103,Modesto,California,7170.0,13.10238237635323,6,37.63909719999999,-120.99687820000001,2.1837303960588716,3283.372348958549
795,Ceres,California,7620.0,16.334226461544475,7,37.5949316,-120.9577098,2.3334609230777823,3265.535721913608
887,Bozeman,Montana,7840.0,12.020762258671462,5,45.676997899999996,-111.04293390000001,2.4041524517342925,3261.024480516795
930,Holyoke,Massachusetts,6829.0,84.26003483263743,40,42.2042586,-72.61620090000001,2.106500870815936,3241.8690609678424
255,Gresham,Oregon,5331.0,6.683064096272918,4,45.5001357,-122.43020130000001,1.6707660240682296,3190.751980351676
400,Merced,California,7120.0,15.979296224385779,7,37.3021632,-120.48296770000002,2.2827566034836826,3119.035988827836
892,Westfield,Massachusetts,6524.0,81.78880617880816,39,42.1250929,-72.749538,2.097148876379696,3110.8902536582755
659,Chicopee,Massachusetts,6365.0,76.13587732721011,37,42.14870429999999,-72.6078672,2.057726414248922,3093.2197574589864
462,Manteca,California,7170.0,14.120191493985677,6,37.797427299999995,-121.21605259999998,2.353365248997613,3046.700890588052
161,Springfield,Massachusetts,6255.0,74.36159152352806,36,42.1014831,-72.589811,2.065599764542446,3028.176177869363
766,Methuen,Massachusetts,6469.0,70.01917646717257,32,42.7262016,-71.19089240000001,2.188099264599143,2956.4472255261753
834,Farmington,New Mexico,6779.0,9.198847855810028,4,36.72805830000001,-108.21868559999999,2.299711963952507,2947.7604614227234
144,Vancouver,Washington,5927.0,8.084415993457345,4,45.6387281,-122.6614861,2.021103998364336,2932.5556749166176
70,Henderson,Nevada,2535.0,1.7358585497678225,2,36.0395247,-114.9817213,0.8679292748839113,2920.7448963385473
254,Lowell,Massachusetts,6192.0,68.57917151393899,32,42.633424700000006,-71.31617179999998,2.1430991098105934,2889.273749242165
597,Springfield,Oregon,5044.0,5.2405438349944005,3,44.0462362,-123.02202890000001,1.7468479449981336,2887.4865808685995
525,Portland,Maine,6736.0,56.210799610992794,24,43.66147100000001,-70.2553259,2.342116650458033,2876.0309605769135
426,Lawrence,Massachusetts,6159.0,64.7358930755261,30,42.7070354,-71.1631137,2.157863102517537,2854.212573918343
154,Eugene,Oregon,5044.0,5.337217812871536,3,44.0520691,-123.08675359999998,1.779072604290512,2835.1850215868676
27,Portland,Oregon,4525.0,4.797105864888348,3,45.523062200000005,-122.67648159999999,1.5990352882961159,2829.831232068496
357,Meridian,Idaho,6242.0,8.840721289687881,4,43.61210870000001,-116.39151310000001,2.2101803224219703,2824.2039514494736
130,Worcester,Massachusetts,5811.0,68.87818917597255,33,42.262593200000005,-71.8022934,2.08721785381735,2784.0888718789743
565,Haverhill,Massachusetts,6046.0,65.41127976986576,30,42.7762015,-71.0772796,2.1803759923288584,2772.9162407178546
808,Twin Falls,Idaho,3976.0,5.834591021164523,4,42.5629668,-114.46087109999999,1.4586477552911308,2725.812304977244
978,Lake Oswego,Oregon,5886.0,10.866264711389695,5,45.42067489999999,-122.67064979999999,2.173252942277939,2708.382390974918
943,Marlborough,Massachusetts,5868.0,71.8884185083762,33,42.3459271,-71.55228740000001,2.1784369244962485,2693.674503041644
741,Tigard,Oregon,5886.0,11.442606083641829,5,45.4312294,-122.7714861,2.2885212167283657,2571.966541963956
746,Caldwell,Idaho,6242.0,9.741661593692891,4,43.66293839999999,-116.6873596,2.4354153984232227,2563.012455304873
353,Nampa,Idaho,6242.0,9.769511343062096,4,43.5407172,-116.5634624,2.442377835765524,2555.7061272804854
996,Keizer,Oregon,5886.0,11.749750484359158,5,44.9901194,-123.0262077,2.3499500968718317,2504.7340400271605
151,Salem,Oregon,5886.0,11.765784287514773,5,44.9428975,-123.03509629999999,2.3531568575029547,2501.3207178402513
315,Beaverton,Oregon,5080.0,8.559163095537652,4,45.48706199999999,-122.8037102,2.139790773884413,2374.0638860584277
489,Santa Fe,New Mexico,3491.0,10.46149771244174,7,35.686975200000006,-105.937799,1.494499673205963,2335.89880452178
217,Hartford,Connecticut,5138.0,73.53300164360482,33,41.76371109999999,-72.6850932,2.228272777078934,2305.8218243528772
388,Bellingham,Washington,4944.0,8.602251197688805,4,48.74908,-122.4781473,2.150562799422201,2298.9330985025504
948,Woburn,Massachusetts,4856.0,53.61117522813349,25,42.479261799999996,-71.1522765,2.1444470091253396,2264.453250341974
449,Scranton,Pennsylvania,4538.0,58.606977026235036,29,41.408969,-75.66241219999998,2.0209302422839666,2245.50056456741
590,Bristol,Connecticut,4885.0,71.8820281322407,33,41.67176480000001,-72.9492703,2.178243276734567,2242.6328831934547
298,Hillsboro,Oregon,4525.0,6.225678078475866,3,45.5228939,-122.989827,2.075226026158622,2180.485375068309
421,Medford,Oregon,4145.0,5.914953287722688,3,42.3265152,-122.8755949,1.9716510959075626,2102.2989354473148
468,New Britain,Connecticut,4550.0,68.06666377075595,31,41.6612104,-72.77954190000001,2.1956988313147083,2072.2331929628153
373,Tracy,California,5170.0,12.905130644360074,5,37.7396513,-121.42522269999999,2.581026128872015,2003.079295543375
561,Waltham,Massachusetts,4342.0,56.636308152052955,26,42.376485200000005,-71.2356113,2.178319544309729,1993.2796413374251
571,Council Bluffs,Iowa,730.0,0.7463203124003936,2,41.2619444,-95.8608333,0.3731601562001968,1956.2645900715136
370,Duluth,Minnesota,4764.0,24.953413950842986,10,46.78667189999999,-92.10048520000001,2.4953413950842984,1909.1576044002834
176,Paterson,New Jersey,3928.0,57.9065876362977,28,40.916765399999996,-74.17181099999998,2.068092415582061,1899.3348509981706
259,Waterbury,Connecticut,3964.0,60.561399129243505,29,41.558152500000006,-73.0514965,2.0883241079049486,1898.1727908015052
812,Binghamton,New York,4685.0,74.26698588051515,30,42.09868669999999,-75.91797380000001,2.4755661960171715,1892.4963539805512
352,Newton,Massachusetts,4062.0,51.541813943838214,24,42.337041299999996,-71.20922139999998,2.147575580993259,1891.4351773925996
387,Danbury,Connecticut,3863.0,60.10135833407003,29,41.394816999999996,-73.45401109999999,2.072460632209311,1863.967855390293
112,Yonkers,New York,4146.0,65.34406798121756,29,40.9312099,-73.89874689999998,2.253243723490261,1840.0140014937538
511,Eau Claire,Wisconsin,4097.0,26.799150309678332,12,44.811349,-91.4984941,2.2332625258065275,1834.5357756452731
372,Clifton,New Jersey,3818.0,56.575383841650144,27,40.858432799999996,-74.16375529999998,2.095384586727783,1822.0998780764662
450,Bethlehem,Pennsylvania,2947.0,32.435997468962896,20,40.6259316,-75.37045789999998,1.6217998734481447,1817.1169256132189
632,White Plains,New York,4006.0,61.84217326701018,28,41.03398620000001,-73.76290970000001,2.2086490452503638,1813.7784310344769
479,Passaic,New Jersey,3818.0,57.13325016869233,27,40.8567662,-74.12847640000001,2.1160463025441603,1804.3083440138103
833,Hackensack,New Jersey,3818.0,57.66169732168295,27,40.8859325,-74.0434736,2.135618419321591,1787.772555929182
503,Mount Vernon,New York,4036.0,63.81449098864343,28,40.9125992,-73.8370786,2.2790889638801226,1770.8830431650886
225,Allentown,Pennsylvania,2947.0,33.35746088756791,20,40.6084305,-75.4901833,1.6678730443783956,1766.921055492162
207,Stamford,Connecticut,3933.0,58.50033558135944,26,41.0534302,-73.53873409999999,2.250012906975363,1747.9899727717718
596,Meriden,Connecticut,3855.0,64.35123620673204,29,41.5381535,-72.80704349999998,2.2190081450597257,1737.2626633131358
690,Bellevue,Nebraska,730.0,0.8517518668196474,2,41.154362299999995,-95.9145568,0.4258759334098237,1714.11423546565
413,New Rochelle,New York,3896.0,61.59870744863447,27,40.9114882,-73.78235490000002,2.281433609208684,1707.698170253277
339,Redding,California,3925.0,4.625325544034824,2,40.5865396,-122.3916754,2.312662772017412,1697.1778365144403
799,Middletown,Connecticut,3647.0,59.43379083459731,27,41.562320899999996,-72.6506488,2.201251512392493,1656.7847787807555
543,East Orange,New Jersey,3533.0,55.54402325517218,26,40.767323,-74.20486770000001,2.1363085867373917,1653.787295493513
910,Wilkes-Barre,Pennsylvania,3025.0,42.32134886924318,23,41.245914899999995,-75.88130749999998,1.840058646488834,1643.9693407447905
883,Kearny,New Jersey,3533.0,56.27021493009954,26,40.7684342,-74.1454214,2.1642390357730594,1632.444448881324
705,West New York,New Jersey,3533.0,54.364186283143866,25,40.787878799999994,-74.0143064,2.1745674513257547,1624.6909231746563
500,Union City,New Jersey,3533.0,54.458205810509135,25,40.779545500000005,-74.02375119999998,2.178328232420365,1621.885970818293
947,Wausau,Wisconsin,4076.0,28.281325704914888,11,44.9591352,-89.6301221,2.571029609537717,1585.357082189685
897,Woonsocket,Rhode Island,3449.0,55.89688818904888,25,42.00287609999999,-71.51478390000003,2.235875527561955,1542.5724542729179
68,Newark,New Jersey,3293.0,53.69165227215301,25,40.735657,-74.1723667,2.1476660908861205,1533.292355815572
673,Corvallis,Oregon,3736.0,9.778069079302657,4,44.5645659,-123.2620435,2.4445172698256643,1528.3181044028543
354,Norwalk,Connecticut,3445.0,58.78084112236881,26,41.11774399999999,-73.4081575,2.2608015816295697,1523.7958200280755
696,Hoboken,New Jersey,3293.0,52.10213298519786,24,40.7439905,-74.0323626,2.1709222077165777,1516.8668818693636
40,Omaha,Nebraska,730.0,0.9678785590416306,2,41.25236339999999,-95.9979883,0.4839392795208153,1508.453706677474
737,Plainfield,New Jersey,2921.0,40.88008200527339,21,40.6337136,-74.40737359999999,1.946670571679685,1500.5106886059384
73,Jersey City,New Jersey,3293.0,55.192828595712086,25,40.72815749999999,-74.0776417,2.2077131438284834,1491.5887098853239
617,Great Falls,Montana,2570.0,5.276450057420671,3,47.4941836,-111.2833449,1.7588166858068905,1461.2096989635754
203,Elizabeth,New Jersey,3052.0,48.84147163634944,23,40.6639916,-74.2107006,2.123542245058671,1437.2212312242823
0,New York,New York,3122.0,50.085955188422226,23,40.7127837,-74.00594129999999,2.1776502255835752,1433.6553976033292
554,Madera,California,3140.0,11.010456178528841,5,36.961335600000005,-120.0607176,2.202091235705768,1425.9173049174926
102,Rochester,New York,2808.0,25.643417601512603,13,43.16103,-77.61092190000001,1.9725705847317387,1423.5232045609541
888,Linden,New Jersey,3052.0,49.72974324555658,23,40.6220478,-74.24459019999998,2.1621627498068077,1411.5496163610721
531,Bayonne,New Jersey,3052.0,49.9760931076088,23,40.6687141,-74.11430909999999,2.1728736133742954,1404.591588399149
896,Shelton,Connecticut,3016.0,53.89209274347906,25,41.3164856,-73.0931641,2.1556837097391623,1399.0920775501597
637,Medford,Massachusetts,2496.0,32.99754738482915,18,42.4184296,-71.10616390000001,1.8331970769349526,1361.5557385533436
197,New Haven,Connecticut,2990.0,52.80939965684414,24,41.308274,-72.9278835,2.200391652368506,1358.8490016227602
641,New Brunswick,New Jersey,2814.0,41.433632127973425,20,40.4862157,-74.4518188,2.071681606398671,1358.3168336816707
417,Somerville,Massachusetts,2411.0,30.36172704246534,17,42.3875968,-71.0994968,1.7859839436744318,1349.9561452045746
256,Cambridge,Massachusetts,2411.0,30.40494484190442,17,42.373615799999996,-71.10973349999998,1.7885261671708483,1348.0373081786117
290,Clovis,California,3140.0,11.672491874315975,5,36.8252277,-119.70291940000001,2.334498374863195,1345.042701168729
174,Bridgeport,Connecticut,2984.0,53.29698307570193,24,41.18654779999999,-73.19517669999998,2.2207076281542473,1343.7158328132402
586,Malden,Massachusetts,2496.0,33.61788317594487,18,42.4250964,-71.066163,1.8676601764413816,1336.4315583126315
676,West Haven,Connecticut,2990.0,53.738074803042146,24,41.2705484,-72.94697109999998,2.2390864501267562,1335.3660372652132
836,Everett,Massachusetts,2411.0,30.850246999101984,17,42.408429999999996,-71.0536625,1.8147204117118814,1328.5793141686381
718,Milford,Connecticut,2833.0,47.09722735603385,22,41.2306979,-73.064036,2.140783061637902,1323.347540797752
712,Perth Amboy,New Jersey,2814.0,43.19224959215196,20,40.5067723,-74.2654234,2.159612479607598,1303.0115479381302
957,Chelsea,Massachusetts,2411.0,31.459049685237442,17,42.3917638,-71.03282840000001,1.8505323344257318,1302.8683450420206
23,Boston,Massachusetts,2411.0,31.47103947089088,17,42.360082500000004,-71.0588801,1.8512376159347577,1302.3719803697904
824,Sayreville,New Jersey,2814.0,43.360494733724366,20,40.45940210000001,-74.360846,2.168024736686218,1297.9556701466156
686,Revere,Massachusetts,2411.0,31.604841577709227,17,42.408430200000005,-71.0119948,1.8591083281005427,1296.8582645548831
33,Fresno,California,3140.0,12.458176029754641,5,36.7468422,-119.7725868,2.4916352059509284,1260.2165808624559
678,Highland,California,930.0,3.005550787554607,4,34.1283442,-117.2086513,0.7513876968886517,1237.7099117418966
710,Peabody,Massachusetts,2386.0,34.70349572603341,18,42.5278731,-70.92866090000001,1.927971984779634,1237.5698499958849
334,Lynn,Massachusetts,2301.0,31.95272997756981,17,42.46676300000001,-70.9494938,1.8795723516217535,1224.2146454296508
333,Hesperia,California,930.0,3.0517785110630204,4,34.4263886,-117.3008784,0.7629446277657551,1218.9613323885092
865,Salem,Massachusetts,2386.0,35.466337544160226,18,42.51954,-70.8967155,1.9703520857866792,1210.9510869715298
983,Valley Stream,New York,2827.0,46.705116626021955,20,40.664269899999994,-73.70846449999998,2.335255831301098,1210.5740031167911
501,Pasco,Washington,2555.0,6.361553141931608,3,46.239579299999995,-119.10056570000002,2.1205177139772027,1204.8944383529297
356,Reading,Pennsylvania,2345.0,29.198675598883877,15,40.335648299999995,-75.9268747,1.9465783732589252,1204.677927287379
99,San Bernardino,California,930.0,3.0970273410081064,4,34.1083449,-117.2897652,0.7742568352520266,1201.151811203937
582,Utica,New York,2239.0,35.466749047739405,19,43.100903,-75.232664,1.8666710025126003,1199.461499635572
327,Quincy,Massachusetts,2411.0,34.250204686893845,17,42.25287720000001,-71.0022705,2.0147179227584613,1196.6935781754337
432,Kennewick,Washington,2555.0,6.448961175996548,3,46.2112458,-119.1372338,2.1496537253321826,1188.5635206689765
287,Rialto,California,930.0,3.1430679566611666,4,34.1064001,-117.37032350000001,0.7857669891652916,1183.5569740438254
905,Beverly,Massachusetts,2223.0,32.039267344771396,17,42.5584283,-70.880049,1.8846627849865527,1179.5213540102143
994,Braintree Town,Massachusetts,2491.0,38.27886038714542,18,42.20790170000001,-71.0040013,2.1266033548414125,1171.3514860817859
385,Trenton,New Jersey,2664.0,40.977249604541406,18,40.2170534,-74.74293840000001,2.276513866918967,1170.2103109108036
702,Richland,Washington,2555.0,6.677711474922295,3,46.2856907,-119.2844621,2.225903824974098,1147.8483352845362
664,Hempstead,New York,2577.0,40.45206421707898,18,40.706212799999996,-73.6187397,2.247336900948832,1146.6905557916052
688,Colton,California,930.0,3.2590118929417,4,34.0739016,-117.3136547,0.814752973235425,1141.4502684254387
107,Fontana,California,930.0,3.2615317648711155,4,34.0922335,-117.435048,0.8153829412177789,1140.5683795776251
75,Buffalo,New York,2200.0,19.537152338837547,10,42.88644679999999,-78.8783689,1.9537152338837547,1126.0597050403605
487,Redlands,California,930.0,3.3371343270095397,4,34.055569299999995,-117.1825381,0.8342835817523849,1114.7288767766063
856,Freeport,New York,2577.0,42.14848061431889,18,40.65760220000001,-73.58318349999998,2.3415822563510496,1100.5378918508754
645,Brentwood,California,2782.0,7.65537387194962,3,37.931868,-121.6957863,2.551791290649873,1090.2145524963755
627,Novi,Michigan,1073.0,5.918439837140936,6,42.48059,-83.47549129999999,0.9864066395234894,1087.7866764140415
950,Oakley,California,2782.0,7.731833745744799,3,37.9974219,-121.71245359999999,2.5772779152482665,1079.4334532339376
478,Apple Valley,California,930.0,3.4481375506755767,4,34.5008311,-117.18587590000001,0.8620343876688942,1078.843272731727
137,Rancho Cucamonga,California,930.0,3.4638508364652214,4,34.10639889999999,-117.5931084,0.8659627091163054,1073.949247709573
181,Syracuse,New York,2148.0,34.008225896150215,17,43.0481221,-76.14742439999998,2.00048387624413,1073.7402213072712
699,Yucaipa,California,930.0,3.5783039921936384,4,34.033625,-117.0430865,0.8945759980484096,1039.5986501190182
403,Farmington Hills,Michigan,1073.0,6.2084049056206725,6,42.4989936,-83.3677168,1.0347341509367787,1036.9813338320553
219,Victorville,California,930.0,3.5913181436319763,4,34.5362184,-117.29276409999999,0.8978295359079941,1035.8313719981056
260,Antioch,California,2782.0,8.187882752902725,3,38.0049214,-121.80578899999999,2.729294250967575,1019.31112741462
928,Norwich,Connecticut,2314.0,47.79212573362706,21,41.5242649,-72.07591049999998,2.275815511125098,1016.7783762296377
440,Upland,California,930.0,3.6824543482900727,4,34.09751,-117.64838759999999,0.9206135870725182,1010.1958227200729
607,Pontiac,Michigan,1073.0,6.453297696114345,6,42.6389216,-83.29104679999998,1.0755496160190574,997.6294761477445
470,Rapid City,South Dakota,1040.0,2.086679915642419,2,44.0805434,-103.2310149,1.0433399578212095,996.7987827973308
4,Philadelphia,Pennsylvania,2529.0,38.16433292313873,15,39.9525839,-75.1652215,2.544288861542582,993.9909096904537
662,Weymouth Town,Massachusetts,1850.0,26.16953631613549,14,42.2180724,-70.94103559999998,1.8692525940096778,989.7003786051303
763,Niagara Falls,New York,2160.0,19.66264659810333,9,43.0962143,-79.03773879999999,2.18473851090037,988.6766719326174
480,Pawtucket,Rhode Island,2262.0,48.13195822783797,21,41.878710999999996,-71.38255579999998,2.291998010849427,986.911851272371
398,Westland,Michigan,1073.0,6.55408642039544,6,42.32420399999999,-83.400211,1.0923477367325733,982.2879326042765
316,Livonia,Michigan,1073.0,6.576984792236582,6,42.36837,-83.35270969999998,1.0961641320394302,978.8680076620159
946,Bullhead City,Arizona,2535.0,5.182601560085509,2,35.1359386,-114.5285981,2.5913007800427543,978.2731589955275
133,Providence,Rhode Island,2262.0,48.866091675134726,21,41.8239891,-71.4128343,2.3269567464349867,972.0851079271225
433,Camden,New Jersey,2529.0,39.02713887897957,15,39.9259463,-75.1196199,2.601809258598638,972.0159122510565
302,Jurupa Valley,California,930.0,3.852884175877297,4,33.9971974,-117.48548020000001,0.9632210439693243,965.5104670134447
404,Cranston,Rhode Island,2262.0,49.51414578153617,21,41.7798226,-71.4372796,2.3578164657874368,959.3622034718309
145,Ontario,California,930.0,3.8827848126406,4,34.0633443,-117.65088759999999,0.97069620316015,958.0752422563708
842,Attleboro,Massachusetts,2105.0,41.779490307693344,19,41.94454409999999,-71.2856082,2.198920542510176,957.287887081649
796,East Providence,Rhode Island,2262.0,49.83430438362478,21,41.813711600000005,-71.37005450000001,2.373062113505942,953.1988173112503
968,Montclair,California,930.0,3.9526067420680295,4,34.0775104,-117.68977759999999,0.9881516855170074,941.1510536597607
109,Moreno Valley,California,930.0,3.994920827335603,4,33.9424658,-117.2296717,0.9987302068339008,931.1824090594155
58,Riverside,California,930.0,4.001337951149576,4,33.9533487,-117.3961564,1.000334487787394,929.6890303732658
467,Southfield,Michigan,1073.0,6.959741218248105,6,42.473368799999996,-83.2218731,1.1599568697080176,925.0343939685393
652,Dearborn Heights,Michigan,1073.0,7.020797049954044,6,42.3369816,-83.27326269999998,1.1701328416590073,916.9899021710279
318,Brockton,Massachusetts,1861.0,30.55879518057567,15,42.083433500000005,-71.0183787,2.037253012038378,913.4849667680561
612,Lancaster,Pennsylvania,2310.0,37.937767155891244,15,40.0378755,-76.3055144,2.5291844770594163,913.3378845839457
390,Troy,Michigan,1073.0,7.314550733567069,6,42.6064095,-83.1497751,1.2190917889278448,880.1634214464457
465,Rochester Hills,Michigan,1073.0,7.360448601454357,6,42.65836609999999,-83.14993220000001,1.2267414335757263,874.6749483078938
577,Taylor,Michigan,1073.0,7.3990878546163,6,42.240871999999996,-83.2696509,1.2331813091027166,870.107251934213
619,Royal Oak,Michigan,1073.0,7.406763570237856,6,42.4894801,-83.1446485,1.2344605950396426,869.2055496235118
379,Chino,California,930.0,4.3232426580821635,4,34.0122346,-117.68894399999999,1.0808106645205409,860.4652327450506
164,Pomona,California,930.0,4.345615560123927,4,34.055103,-117.7499909,1.0864038900309818,856.0352264326654
646,Eastvale,California,930.0,4.354288080384857,4,33.952463,-117.5848025,1.0885720200962143,854.3302444222305
872,Beaumont,California,930.0,4.388151247779009,4,33.929460600000006,-116.977248,1.0970378119447521,847.7374160434459
314,Dearborn,Michigan,1073.0,7.615666241306743,6,42.3222599,-83.17631449999998,1.2692777068844572,845.3626768831887
324,Rio Rancho,New Mexico,1340.0,6.361514614058674,4,35.2327544,-106.66304369999999,1.5903786535146684,842.5666409937392
998,Lincoln Park,Michigan,1073.0,7.895151740395002,6,42.250594299999996,-83.17853609999999,1.315858623399167,815.4371456928959
228,Ann Arbor,Michigan,1173.0,10.160669107974627,7,42.2808256,-83.7430378,1.4515241582820895,808.1160711705074
31,Albuquerque,New Mexico,1340.0,6.634025491155986,4,35.0853336,-106.6055534,1.6585063727889966,807.9558945237055
435,Chino Hills,California,930.0,4.635003400496088,4,33.989818799999995,-117.7325848,1.158750850124022,802.5884079398616
727,Glendora,California,930.0,4.636439972862883,4,34.136118700000004,-117.86533899999999,1.1591099932157207,802.3397308653164
195,Sterling Heights,Michigan,1073.0,8.14930158824515,6,42.5803122,-83.0302033,1.3582169313741916,790.0063496590194
399,Warwick,Rhode Island,1815.0,41.89149622764707,18,41.700100899999995,-71.4161671,2.3273053459803927,779.8718819319428
651,Taunton,Massachusetts,1750.0,35.93150169746941,16,41.900101,-71.08976740000001,2.245718856091838,779.2605005977803
190,Warren,Michigan,1073.0,8.285768788658824,6,42.5144566,-83.01465259999998,1.3809614647764707,776.9948889730106
648,Diamond Bar,California,930.0,4.788905545772617,4,34.028622600000006,-117.81033670000001,1.1972263864431543,776.7954419739625
152,Corona,California,930.0,4.822453638179692,4,33.8752935,-117.56643840000001,1.205613409544923,771.3915527457866
17,Detroit,Michigan,1073.0,8.458576921158226,6,42.331427000000005,-83.0457538,1.4097628201930377,761.120937955418
261,Billings,Montana,1784.0,4.691189935748684,2,45.783285600000006,-108.50069040000001,2.345594967874342,760.5746194180837
767,Harrisburg,Pennsylvania,1776.0,30.383433224916296,13,40.273191100000005,-76.88670079999999,2.3371871711474075,759.8877924390193
773,Azusa,California,930.0,4.919489591362035,4,34.1336186,-117.90756270000001,1.2298723978405088,756.1760078793177
768,Covina,California,930.0,4.9652782881264335,4,34.0900091,-117.89033970000001,1.2413195720316084,749.2027201971154
458,Perris,California,930.0,5.129148759806254,4,33.7825194,-117.22864779999999,1.2822871899515635,725.2665450359286
791,Roseville,Michigan,1073.0,8.889670442975467,6,42.4972583,-82.93714090000002,1.481611740495911,724.2113238390347
299,Flint,Michigan,1213.0,13.443177747974362,8,43.012527399999996,-83.6874562,1.6803972184967952,721.8531348707498
201,Visalia,California,2038.0,8.496672873594296,3,36.330228399999996,-119.2920585,2.8322242911980986,719.5757787734661
864,Fond du Lac,Wisconsin,1084.0,15.440623388983779,10,43.7730448,-88.44705079999999,1.5440623388983779,702.0441938719828
601,St. Clair Shores,Michigan,1073.0,9.209487538895946,6,42.4974085,-82.89636039999998,1.534914589815991,699.0616983637074
265,West Covina,California,930.0,5.35332450579775,4,34.0686208,-117.93895259999998,1.3383311264494375,694.89529281686
434,Baldwin Park,California,930.0,5.43127086816376,4,34.0852868,-117.96089779999998,1.35781771704094,684.9225697442857
809,San Jacinto,California,930.0,5.473126821110137,4,33.783908399999994,-116.95863500000002,1.3682817052775342,679.6845974136329
882,Midland,Michigan,1405.0,20.733102140166174,10,43.6155825,-84.24721159999999,2.0733102140166175,677.6602895705114
777,East Lansing,Michigan,1439.0,25.520088718754696,12,42.7369792,-84.48386540000001,2.126674059896225,676.6434157146858
237,Lansing,Michigan,1439.0,25.53704412363161,12,42.732535,-84.55553470000001,2.128087010302634,676.1941560816916
