,city,state,area,time,number,lat,lon,score
344,Sandy,Utah,29428.0,13.736186198980914,13,40.564978100000005,-111.8389726,27850.81640989858
123,Salt Lake City,Utah,29428.0,14.359361631390836,13,40.760779299999996,-111.89104740000002,26642.13144153158
251,West Jordan,Utah,29428.0,14.856634582881806,13,40.6096698,-111.9391031,25750.380940297207
855,Bountiful,Utah,29428.0,15.06009676387033,13,40.8893895,-111.880771,25402.49282579536
192,West Valley City,Utah,29428.0,15.594161484855269,13,40.691613200000006,-112.00105009999999,24532.51496539512
236,Provo,Utah,28964.0,14.28168538361025,12,40.233843799999995,-111.6585337,24336.623491151204
336,Orem,Utah,29428.0,16.219229305586573,13,40.2968979,-111.69464750000002,23587.06402086745
383,Ogden,Utah,28778.0,15.334192021696662,12,41.223,-111.9738304,22520.65185510766
88,Reno,Nevada,26127.0,17.602143313492515,14,39.529632899999996,-119.8138027,20780.31030003155
319,Sparks,Nevada,26127.0,18.610335813002187,14,39.5349112,-119.7526886,19654.56204957074
277,Boulder,Colorado,26060.0,26.086658378162326,13,40.0149856,-105.2705456,12986.715089718033
168,Lakewood,Colorado,22970.0,18.459198672189707,10,39.7047095,-105.08137340000002,12443.660425306643
447,Folsom,California,26367.0,32.72491474864087,15,38.6779591,-121.17605829999998,12085.745770091766
829,Littleton,Colorado,23770.0,22.7698111302377,11,39.613321,-105.0166498,11483.187036750378
204,Roseville,California,26367.0,34.4587038176413,15,38.752123499999996,-121.28800590000002,11477.651686872774
371,Citrus Heights,California,26367.0,34.67027470478743,15,38.7071247,-121.2810611,11407.610795347602
241,Arvada,Colorado,17423.0,15.29784832172646,9,39.802764399999994,-105.08748419999999,10250.2650504972
246,Westminster,Colorado,17423.0,16.123112784821238,9,39.836652799999996,-105.03720459999998,9725.603367832458
150,Elk Grove,California,25167.0,36.318686645496214,14,38.4087993,-121.37161780000001,9701.286928107917
34,Sacramento,California,25167.0,36.88766509420649,14,38.5815719,-121.49439960000001,9551.648202730446
20,Denver,Colorado,17423.0,16.612956562514825,9,39.739235799999996,-104.990251,9438.837657218492
345,Longmont,Colorado,20513.0,26.7507317581782,12,40.167206799999995,-105.10192749999999,9201.841737459967
196,Thornton,Colorado,17423.0,17.181978386623086,9,39.8680412,-104.9719243,9126.248239380922
268,Centennial,Colorado,17423.0,18.42333076262424,9,39.5807452,-104.87717260000001,8511.327404386471
53,Aurora,Colorado,17423.0,18.946718424148614,9,39.729431899999994,-104.8319195,8276.208918592522
158,Fort Collins,Colorado,20113.0,28.253384919948967,11,40.5852602,-105.084423,7830.6723469366025
306,Renton,Washington,10946.0,11.335639892481812,7,47.48287759999999,-122.21706609999998,6759.3890355337035
189,Bellevue,Washington,10946.0,11.375620341586153,7,47.610377,-122.20067859999999,6735.632668742552
216,Kent,Washington,10946.0,11.600165733495869,7,47.380933500000005,-122.23484309999999,6605.250455926797
374,Kirkland,Washington,10946.0,11.654906229676811,7,47.6814875,-122.20873529999999,6574.227067129713
438,Auburn,Washington,10946.0,11.818134554909667,7,47.30732279999999,-122.22845320000002,6483.425928516657
41,Colorado Springs,Colorado,17817.0,24.823254080998392,9,38.8338816,-104.82136340000001,6459.789658389163
19,Seattle,Washington,10946.0,12.111507912845402,7,47.6062095,-122.33207079999998,6326.379881957977
325,Federal Way,Washington,10946.0,12.183673102667509,7,47.3223221,-122.3126222,6288.908061988653
106,Tacoma,Washington,9946.0,9.808646675204,6,47.252876799999996,-122.4442906,6084.019740547832
271,Everett,Washington,10946.0,13.419819316158952,7,47.9789848,-122.2020794,5709.614875942376
62,Stockton,California,13230.0,20.608901985681392,8,37.9577016,-121.29077959999998,5135.644784643805
338,Spokane Valley,Washington,8720.0,10.390113252666223,6,47.6732281,-117.2393748,5035.5562762103755
101,Spokane,Washington,8720.0,10.930699644297317,6,47.6587802,-117.4260466,4786.518859961174
253,Manchester,New Hampshire,9730.0,80.26813573863086,39,42.995639700000005,-71.4547891,4727.529753969002
764,Olympia,Washington,7946.0,8.811705020818444,5,47.0378741,-122.9006951,4508.77553278671
348,Chico,California,13285.0,23.576707803160428,8,39.728494399999995,-121.8374777,4507.838875865158
328,Yakima,Washington,10694.0,14.927514140450173,6,46.6020711,-120.5058987,4298.371409753358
28,Las Vegas,Nevada,2535.0,1.2042245668135592,2,36.169941200000004,-115.13982959999998,4210.178184136771
362,Nashua,New Hampshire,8943.0,80.82289683442363,38,42.7653662,-71.46756599999998,4204.674829908594
384,Bend,Oregon,7419.0,9.18747883521642,5,44.058172799999994,-121.31530959999999,4037.5603215336487
304,Greeley,Colorado,9977.0,18.097764450328054,7,40.42331420000001,-104.7091322,3858.9849145005333
305,Albany,New York,7690.0,77.08398294104417,38,42.65257929999999,-73.7562317,3790.930214691909
93,North Las Vegas,Nevada,2535.0,1.3501435264077508,2,36.1988592,-115.1175013,3755.1563228906907
98,Boise City,Idaho,8296.0,11.234040468828043,5,43.6187102,-116.2146068,3692.3491699266838
63,Anchorage,Alaska,1640.0,0.9881807938924444,2,61.2180556,-149.90027780000003,3319.2306714240813
103,Modesto,California,7170.0,13.10238237635323,6,37.63909719999999,-120.99687820000001,3283.372348958549
255,Gresham,Oregon,5331.0,6.683064096272918,4,45.5001357,-122.43020130000001,3190.751980351676
400,Merced,California,7120.0,15.979296224385779,7,37.3021632,-120.48296770000002,3119.035988827836
462,Manteca,California,7170.0,14.120191493985677,6,37.797427299999995,-121.21605259999998,3046.700890588052
161,Springfield,Massachusetts,6255.0,74.36159152352806,36,42.1014831,-72.589811,3028.176177869363
144,Vancouver,Washington,5927.0,8.084415993457345,4,45.6387281,-122.6614861,2932.5556749166176
70,Henderson,Nevada,2535.0,1.7358585497678225,2,36.0395247,-114.9817213,2920.7448963385473
254,Lowell,Massachusetts,6192.0,68.57917151393899,32,42.633424700000006,-71.31617179999998,2889.273749242165
426,Lawrence,Massachusetts,6159.0,64.7358930755261,30,42.7070354,-71.1631137,2854.212573918343
154,Eugene,Oregon,5044.0,5.337217812871536,3,44.0520691,-123.08675359999998,2835.1850215868676
27,Portland,Oregon,4525.0,4.797105864888348,3,45.523062200000005,-122.67648159999999,2829.831232068496
357,Meridian,Idaho,6242.0,8.840721289687881,4,43.61210870000001,-116.39151310000001,2824.2039514494736
130,Worcester,Massachusetts,5811.0,68.87818917597255,33,42.262593200000005,-71.8022934,2784.0888718789743
353,Nampa,Idaho,6242.0,9.769511343062096,4,43.5407172,-116.5634624,2555.7061272804854
151,Salem,Oregon,5886.0,11.765784287514773,5,44.9428975,-123.03509629999999,2501.3207178402513
315,Beaverton,Oregon,5080.0,8.559163095537652,4,45.48706199999999,-122.8037102,2374.0638860584277
217,Hartford,Connecticut,5138.0,73.53300164360482,33,41.76371109999999,-72.6850932,2305.8218243528772
388,Bellingham,Washington,4944.0,8.602251197688805,4,48.74908,-122.4781473,2298.9330985025504
948,Woburn,Massachusetts,4856.0,53.61117522813349,25,42.479261799999996,-71.1522765,2264.453250341974
449,Scranton,Pennsylvania,4538.0,58.606977026235036,29,41.408969,-75.66241219999998,2245.50056456741
298,Hillsboro,Oregon,4525.0,6.225678078475866,3,45.5228939,-122.989827,2180.485375068309
421,Medford,Oregon,4145.0,5.914953287722688,3,42.3265152,-122.8755949,2102.2989354473148
373,Tracy,California,5170.0,12.905130644360074,5,37.7396513,-121.42522269999999,2003.079295543375
370,Duluth,Minnesota,4764.0,24.953413950842986,10,46.78667189999999,-92.10048520000001,1909.1576044002834
176,Paterson,New Jersey,3928.0,57.9065876362977,28,40.916765399999996,-74.17181099999998,1899.3348509981706
259,Waterbury,Connecticut,3964.0,60.561399129243505,29,41.558152500000006,-73.0514965,1898.1727908015052
352,Newton,Massachusetts,4062.0,51.541813943838214,24,42.337041299999996,-71.20922139999998,1891.4351773925996
387,Danbury,Connecticut,3863.0,60.10135833407003,29,41.394816999999996,-73.45401109999999,1863.967855390293
112,Yonkers,New York,4146.0,65.34406798121756,29,40.9312099,-73.89874689999998,1840.0140014937538
372,Clifton,New Jersey,3818.0,56.575383841650144,27,40.858432799999996,-74.16375529999998,1822.0998780764662
450,Bethlehem,Pennsylvania,2947.0,32.435997468962896,20,40.6259316,-75.37045789999998,1817.1169256132189
833,Hackensack,New Jersey,3818.0,57.66169732168295,27,40.8859325,-74.0434736,1787.772555929182
225,Allentown,Pennsylvania,2947.0,33.35746088756791,20,40.6084305,-75.4901833,1766.921055492162
207,Stamford,Connecticut,3933.0,58.50033558135944,26,41.0534302,-73.53873409999999,1747.9899727717718
413,New Rochelle,New York,3896.0,61.59870744863447,27,40.9114882,-73.78235490000002,1707.698170253277
339,Redding,California,3925.0,4.625325544034824,2,40.5865396,-122.3916754,1697.1778365144403
68,Newark,New Jersey,3293.0,53.69165227215301,25,40.735657,-74.1723667,1533.292355815572
354,Norwalk,Connecticut,3445.0,58.78084112236881,26,41.11774399999999,-73.4081575,1523.7958200280755
40,Omaha,Nebraska,730.0,0.9678785590416306,2,41.25236339999999,-95.9979883,1508.453706677474
73,Jersey City,New Jersey,3293.0,55.192828595712086,25,40.72815749999999,-74.0776417,1491.5887098853239
203,Elizabeth,New Jersey,3052.0,48.84147163634944,23,40.6639916,-74.2107006,1437.2212312242823
0,New York,New York,3122.0,50.085955188422226,23,40.7127837,-74.00594129999999,1433.6553976033292
102,Rochester,New York,2808.0,25.643417601512603,13,43.16103,-77.61092190000001,1423.5232045609541
197,New Haven,Connecticut,2990.0,52.80939965684414,24,41.308274,-72.9278835,1358.8490016227602
417,Somerville,Massachusetts,2411.0,30.36172704246534,17,42.3875968,-71.0994968,1349.9561452045746
256,Cambridge,Massachusetts,2411.0,30.40494484190442,17,42.373615799999996,-71.10973349999998,1348.0373081786117
290,Clovis,California,3140.0,11.672491874315975,5,36.8252277,-119.70291940000001,1345.042701168729
174,Bridgeport,Connecticut,2984.0,53.29698307570193,24,41.18654779999999,-73.19517669999998,1343.7158328132402
23,Boston,Massachusetts,2411.0,31.47103947089088,17,42.360082500000004,-71.0588801,1302.3719803697904
33,Fresno,California,3140.0,12.458176029754641,5,36.7468422,-119.7725868,1260.2165808624559
334,Lynn,Massachusetts,2301.0,31.95272997756981,17,42.46676300000001,-70.9494938,1224.2146454296508
333,Hesperia,California,930.0,3.0517785110630204,4,34.4263886,-117.3008784,1218.9613323885092
356,Reading,Pennsylvania,2345.0,29.198675598883877,15,40.335648299999995,-75.9268747,1204.677927287379
99,San Bernardino,California,930.0,3.0970273410081064,4,34.1083449,-117.2897652,1201.151811203937
327,Quincy,Massachusetts,2411.0,34.250204686893845,17,42.25287720000001,-71.0022705,1196.6935781754337
432,Kennewick,Washington,2555.0,6.448961175996548,3,46.2112458,-119.1372338,1188.5635206689765
287,Rialto,California,930.0,3.1430679566611666,4,34.1064001,-117.37032350000001,1183.5569740438254
385,Trenton,New Jersey,2664.0,40.977249604541406,18,40.2170534,-74.74293840000001,1170.2103109108036
107,Fontana,California,930.0,3.2615317648711155,4,34.0922335,-117.435048,1140.5683795776251
75,Buffalo,New York,2200.0,19.537152338837547,10,42.88644679999999,-78.8783689,1126.0597050403605
950,Oakley,California,2782.0,7.731833745744799,3,37.9974219,-121.71245359999999,1079.4334532339376
137,Rancho Cucamonga,California,930.0,3.4638508364652214,4,34.10639889999999,-117.5931084,1073.949247709573
181,Syracuse,New York,2148.0,34.008225896150215,17,43.0481221,-76.14742439999998,1073.7402213072712
403,Farmington Hills,Michigan,1073.0,6.2084049056206725,6,42.4989936,-83.3677168,1036.9813338320553
219,Victorville,California,930.0,3.5913181436319763,4,34.5362184,-117.29276409999999,1035.8313719981056
260,Antioch,California,2782.0,8.187882752902725,3,38.0049214,-121.80578899999999,1019.31112741462
440,Upland,California,930.0,3.6824543482900727,4,34.09751,-117.64838759999999,1010.1958227200729
607,Pontiac,Michigan,1073.0,6.453297696114345,6,42.6389216,-83.29104679999998,997.6294761477445
470,Rapid City,South Dakota,1040.0,2.086679915642419,2,44.0805434,-103.2310149,996.7987827973308
4,Philadelphia,Pennsylvania,2529.0,38.16433292313873,15,39.9525839,-75.1652215,993.9909096904537
763,Niagara Falls,New York,2160.0,19.66264659810333,9,43.0962143,-79.03773879999999,988.6766719326174
398,Westland,Michigan,1073.0,6.55408642039544,6,42.32420399999999,-83.400211,982.2879326042765
316,Livonia,Michigan,1073.0,6.576984792236582,6,42.36837,-83.35270969999998,978.8680076620159
133,Providence,Rhode Island,2262.0,48.866091675134726,21,41.8239891,-71.4128343,972.0851079271225
433,Camden,New Jersey,2529.0,39.02713887897957,15,39.9259463,-75.1196199,972.0159122510565
302,Jurupa Valley,California,930.0,3.852884175877297,4,33.9971974,-117.48548020000001,965.5104670134447
404,Cranston,Rhode Island,2262.0,49.51414578153617,21,41.7798226,-71.4372796,959.3622034718309
145,Ontario,California,930.0,3.8827848126406,4,34.0633443,-117.65088759999999,958.0752422563708
109,Moreno Valley,California,930.0,3.994920827335603,4,33.9424658,-117.2296717,931.1824090594155
58,Riverside,California,930.0,4.001337951149576,4,33.9533487,-117.3961564,929.6890303732658
467,Southfield,Michigan,1073.0,6.959741218248105,6,42.473368799999996,-83.2218731,925.0343939685393
318,Brockton,Massachusetts,1861.0,30.55879518057567,15,42.083433500000005,-71.0183787,913.4849667680561
390,Troy,Michigan,1073.0,7.314550733567069,6,42.6064095,-83.1497751,880.1634214464457
465,Rochester Hills,Michigan,1073.0,7.360448601454357,6,42.65836609999999,-83.14993220000001,874.6749483078938
379,Chino,California,930.0,4.3232426580821635,4,34.0122346,-117.68894399999999,860.4652327450506
164,Pomona,California,930.0,4.345615560123927,4,34.055103,-117.7499909,856.0352264326654
314,Dearborn,Michigan,1073.0,7.615666241306743,6,42.3222599,-83.17631449999998,845.3626768831887
324,Rio Rancho,New Mexico,1340.0,6.361514614058674,4,35.2327544,-106.66304369999999,842.5666409937392
228,Ann Arbor,Michigan,1173.0,10.160669107974627,7,42.2808256,-83.7430378,808.1160711705074
31,Albuquerque,New Mexico,1340.0,6.634025491155986,4,35.0853336,-106.6055534,807.9558945237055
435,Chino Hills,California,930.0,4.635003400496088,4,33.989818799999995,-117.7325848,802.5884079398616
195,Sterling Heights,Michigan,1073.0,8.14930158824515,6,42.5803122,-83.0302033,790.0063496590194
399,Warwick,Rhode Island,1815.0,41.89149622764707,18,41.700100899999995,-71.4161671,779.8718819319428
190,Warren,Michigan,1073.0,8.285768788658824,6,42.5144566,-83.01465259999998,776.9948889730106
152,Corona,California,930.0,4.822453638179692,4,33.8752935,-117.56643840000001,771.3915527457866
17,Detroit,Michigan,1073.0,8.458576921158226,6,42.331427000000005,-83.0457538,761.120937955418
261,Billings,Montana,1784.0,4.691189935748684,2,45.783285600000006,-108.50069040000001,760.5746194180837
458,Perris,California,930.0,5.129148759806254,4,33.7825194,-117.22864779999999,725.2665450359286
299,Flint,Michigan,1213.0,13.443177747974362,8,43.012527399999996,-83.6874562,721.8531348707498
201,Visalia,California,2038.0,8.496672873594296,3,36.330228399999996,-119.2920585,719.5757787734661
864,Fond du Lac,Wisconsin,1084.0,15.440623388983779,10,43.7730448,-88.44705079999999,702.0441938719828
265,West Covina,California,930.0,5.35332450579775,4,34.0686208,-117.93895259999998,694.89529281686
434,Baldwin Park,California,930.0,5.43127086816376,4,34.0852868,-117.96089779999998,684.9225697442857
237,Lansing,Michigan,1439.0,25.53704412363161,12,42.732535,-84.55553470000001,676.1941560816916
296,Erie,Pennsylvania,1517.0,20.714815299843792,9,42.12922409999999,-80.085059,659.0934943119167
393,Hemet,California,930.0,5.713825465528499,4,33.7475203,-116.97196840000001,651.0524380632125
631,Arcadia,California,930.0,5.769710503378612,4,34.139729200000005,-118.0353449,644.7463868112018
378,Menifee,California,930.0,5.804676603878676,4,33.6971468,-117.185294,640.8625757917852
122,Grand Rapids,Michigan,1361.0,21.24632732087914,10,42.9633599,-85.6680863,640.5813011562338
233,El Monte,California,930.0,5.92536676358926,4,34.0686206,-118.02756670000001,627.8092392287004
350,Fall River,Massachusetts,1380.0,28.989799400509018,13,41.7014912,-71.1550451,618.8383628375503
454,Wyoming,Michigan,1231.0,18.124506848687094,9,42.9133602,-85.7053085,611.2718041099442
185,Fullerton,California,930.0,6.246166335528959,4,33.8703596,-117.9242966,595.5653116120499
360,Whittier,California,930.0,6.3080704057501125,4,33.97917929999999,-118.032844,589.7207482987253
67,Toledo,Ohio,1217.0,14.572833387285304,7,41.6639383,-83.55521200000003,584.5808960824852
369,Bloomington,Minnesota,696.0,9.530514430201944,8,44.840798,-93.29827990000001,584.2286941358756
55,Anaheim,California,930.0,6.402451941002541,4,33.8352932,-117.91450359999999,581.0273992337842
184,Orange,California,930.0,6.4139005771857445,4,33.787794399999996,-117.8531119,579.9902813012174
82,Madison,Wisconsin,1073.0,22.333148105791306,12,43.07305170000001,-89.4012302,576.5420951406787
376,Alhambra,California,930.0,6.5173069012949325,4,34.095287,-118.1270146,570.7879122986932
183,Pasadena,California,930.0,6.519231913359902,4,34.1477849,-118.1445155,570.6193688824877
407,Tustin,California,930.0,6.5780422576005435,4,33.7458511,-117.82616599999999,565.517802154852
391,Buena Park,California,930.0,6.653599834892285,4,33.867514299999996,-117.99811809999999,559.0958416963805
56,Santa Ana,California,930.0,6.7535385311683775,4,33.7455731,-117.8678338,550.8223552485503
155,Palmdale,California,930.0,6.807167265571857,4,34.5794343,-118.11646129999998,546.4828253617902
409,Lake Forest,California,930.0,6.808234944605916,4,33.6469661,-117.689218,546.3971249915975
410,Parma,Ohio,1045.0,15.34231965161597,8,41.404774200000006,-81.72290859999998,544.898046047389
47,Cleveland,Ohio,1045.0,15.418813812520305,8,41.499320000000004,-81.6943605,542.1947564611978
81,Irvine,California,930.0,6.88503054517941,4,33.6839473,-117.79469420000001,540.3026138503594
135,Garden Grove,California,930.0,6.906782385475321,4,33.773905299999996,-117.9414477,538.6010145365238
267,Murrieta,California,930.0,6.941440366399858,4,33.553914299999995,-117.21392320000001,535.9118286179787
269,Norwalk,California,930.0,6.9556565759352695,4,33.9022367,-118.08173300000001,534.8165136372913
45,Minneapolis,Minnesota,696.0,10.43296037805626,8,44.977753,-93.2650108,533.6931990761917
689,Elyria,Ohio,1005.0,13.418839171014627,7,41.36837979999999,-82.10764859999998,524.2629343971837
239,Downey,California,930.0,7.100155230580209,4,33.9401088,-118.13315929999999,523.932206999932
308,Mission Viejo,California,930.0,7.114513027298652,4,33.6000232,-117.67199529999999,522.8748595618873
425,Bellflower,California,930.0,7.2644708284893325,4,33.881681799999996,-118.1170117,512.0813460233255
335,Westminster,California,930.0,7.30153097035093,4,33.7513419,-117.99399209999999,509.48219148911005
115,Glendale,California,930.0,7.317092254701557,4,34.1425078,-118.255075,508.39867402378786
65,St. Paul,Minnesota,741.0,13.174121310965527,9,44.953702899999996,-93.0899578,506.2197199026119
293,Las Cruces,New Mexico,1310.0,5.2389611632107504,2,32.3199396,-106.7636538,500.09914530351404
1,Los Angeles,California,930.0,7.439936502677304,4,34.0522342,-118.24368490000002,500.0042673296119
258,Temecula,California,930.0,7.473170403986332,4,33.4936391,-117.14836480000001,497.7807006803539
401,Lakewood,California,930.0,7.50102819926159,4,33.853626899999995,-118.13395630000001,495.93201107632166
153,Lancaster,California,930.0,7.5102090618890545,4,34.6867846,-118.1541632,495.32575849017746
457,Appleton,Wisconsin,917.0,14.868458819108485,8,44.2619309,-88.41538469999998,493.393437023345
310,South Gate,California,930.0,7.546956948228964,4,33.954737,-118.21201609999999,492.9139023209836
451,Plymouth,Minnesota,696.0,11.378969411836419,8,45.01051939999999,-93.4555093,489.3237514293833
275,Burbank,California,930.0,7.649473708245225,4,34.18083920000001,-118.30896609999998,486.30796599644253
242,Costa Mesa,California,930.0,7.670379343372826,4,33.6411316,-117.9186689,484.9825326062998
420,Brooklyn Park,Minnesota,696.0,11.696943217890727,8,45.0941315,-93.3563405,476.0218029855547
303,Compton,California,930.0,7.835633984602022,4,33.8958492,-118.2200712,474.75418164123727
361,Newport Beach,California,930.0,7.865419476524523,4,33.6189101,-117.9289469,472.95633895978153
111,Huntington Beach,California,930.0,7.898957169434342,4,33.660297,-117.99922649999999,470.9482429395671
317,New Bedford,Massachusetts,1052.0,22.43339504508519,10,41.6362152,-70.93420499999998,468.9437322731393
278,Green Bay,Wisconsin,1153.0,25.362839741788306,10,44.51915899999999,-88.019826,454.60209177614087
35,Long Beach,California,930.0,8.273026556542026,4,33.770050399999995,-118.1937395,449.6540624613795
247,Inglewood,California,930.0,8.461889629808402,4,33.9616801,-118.3531311,439.6181187350502
329,Carson,California,930.0,8.502431683620735,4,33.8316745,-118.28169299999999,437.5218923741883
937,New Berlin,Wisconsin,904.0,24.98512934026338,12,42.9764027,-88.10842240000001,434.1782606871887
358,Hawthorne,California,930.0,8.614286329661736,4,33.9164032,-118.35257479999999,431.84076517062744
171,Torrance,California,930.0,8.854907628960989,4,33.835849200000006,-118.34062879999999,420.10601983394093
71,Lincoln,Nebraska,730.0,3.4891119601048035,2,40.8257625,-96.6851982,418.44458323319196
30,Milwaukee,Wisconsin,904.0,26.292759691403603,12,43.0389025,-87.9064736,412.58506628145034
330,Santa Monica,California,930.0,9.252647283699424,4,34.01945429999999,-118.4911912,402.04709916410616
375,Indio,California,930.0,9.332878682130675,4,33.7205771,-116.2155619,398.59084497932554
132,Santa Clarita,California,930.0,9.351752982883584,4,34.3916641,-118.54258600000001,397.78638366610807
170,Rockford,Illinois,892.0,23.27794730433456,10,42.2711311,-89.09399520000001,383.19529997127444
307,Vista,California,930.0,9.906233413732608,4,33.2000368,-117.2425355,375.5211334757281
136,Oceanside,California,930.0,9.970330415367012,4,33.1958696,-117.3794834,373.10699295045026
248,Rochester,Minnesota,776.0,19.175684234946814,9,44.0121221,-92.4801989,364.2112539208367
244,Carlsbad,California,930.0,10.279378611644956,4,33.158093300000004,-117.3505939,361.88957917999164
331,San Marcos,California,930.0,10.416460407466616,4,33.1433723,-117.1661449,357.1270714314307
442,Kalamazoo,Michigan,456.0,7.733090903131917,6,42.291706899999994,-85.5872286,353.80419476149115
436,St. Joseph,Missouri,710.0,4.020049978581326,2,39.767457799999995,-94.846681,353.2294393268009
166,Escondido,California,930.0,10.67909979429106,4,33.1192068,-117.086421,348.34396827986143
61,Pittsburgh,Pennsylvania,863.0,25.879502294895506,10,40.44062479999999,-79.9958864,333.4685459427165
213,Simi Valley,California,690.0,4.180660326443935,2,34.2694474,-118.78148200000001,330.0913951968508
200,Thousand Oaks,California,690.0,4.423232357555929,2,34.1705609,-118.83759369999999,311.98903617229894
266,Pueblo,Colorado,800.0,3.008178748740132,1,38.2544472,-104.60914090000001,265.9416433731045
692,Wheaton,Illinois,159.0,1.9116758792662776,3,41.8661403,-88.1070127,249.51928576044904
105,Oxnard,California,690.0,5.649254736673747,2,34.1975048,-119.17705159999998,244.28000936855207
117,Akron,Ohio,362.0,8.911045625806226,6,41.081444700000006,-81.51900529999998,243.7424395752085
257,San Buenaventura (Ventura),California,690.0,5.820599555630679,2,34.274646000000004,-119.22903159999998,237.08897800142051
415,Lynchburg,Virginia,520.0,11.12305863054178,5,37.4137536,-79.14224639999998,233.74865550568077
427,Racine,Wisconsin,534.0,25.50980678160875,11,42.7261309,-87.78285230000002,230.26438617460838
108,Fayetteville,North Carolina,270.0,3.5507673987581114,3,35.0526641,-78.87835849999998,228.1197017532884
295,Kenosha,Wisconsin,502.0,22.713072007882648,10,42.5847425,-87.82118539999998,221.01809910424234
297,Roanoke,Virginia,495.0,9.683194199317374,4,37.270970399999996,-79.9414266,204.47798105087907
177,Naperville,Illinois,159.0,2.411828578231675,3,41.7508391,-88.15353520000001,197.77524999298703
422,St. George,Utah,600.0,3.089071916671497,1,37.0965278,-113.5684164,194.23309530666592
18,El Paso,Texas,560.0,2.9756918477571626,1,31.7618778,-106.48502169999999,188.19152944955744
114,Aurora,Illinois,159.0,2.670578408280486,3,41.7605849,-88.32007150000003,178.61299204733984
42,Raleigh,North Carolina,270.0,4.589118044222036,3,35.7795897,-78.6381787,176.5045030863472
455,Bolingbrook,Illinois,159.0,2.7345324804473483,3,41.69864159999999,-88.0683955,174.43566803856962
159,Cary,North Carolina,270.0,4.648081727053425,3,35.791540000000005,-78.78111690000001,174.26543842495775
665,Porterville,California,450.0,2.65482226309602,1,36.06523,-119.0167679,169.50287266131923
364,Livermore,California,240.0,1.4512090093774184,1,37.6818745,-121.7680088,165.3793481498314
349,Waukegan,Illinois,312.0,13.767321240512397,7,42.3636331,-87.84479379999998,158.6365249888449
445,Evanston,Illinois,335.0,14.833029649532998,7,42.0450722,-87.68769689999998,158.0931242912893
182,Dayton,Ohio,264.0,3.392826080481438,2,39.758947799999994,-84.1916069,155.6224773906116
250,Elgin,Illinois,241.0,7.986273509252351,5,42.035408399999994,-88.2825668,150.88388828706772
288,Davenport,Iowa,222.0,4.47510621817068,3,41.5236437,-90.57763670000001,148.8232831872861
430,Pleasanton,California,240.0,1.6342302649006208,1,37.6624312,-121.8746789,146.85812957612472
985,Westerville,Ohio,224.0,3.0723502384926937,2,40.126174299999995,-82.92906959999998,145.8167087811546
64,Cincinnati,Ohio,264.0,3.6610229928107376,2,39.103118200000004,-84.5120196,144.22198413854534
452,Schaumburg,Illinois,225.0,7.930595588125037,5,42.0333607,-88.0834059,141.85567622241777
441,Arlington Heights,Illinois,262.0,11.113182954784213,6,42.0883603,-87.98062650000001,141.45362371841955
2,Chicago,Illinois,285.0,12.21292117214078,6,41.8781136,-87.62979820000001,140.01564211359414
460,Milpitas,California,240.0,1.7204503276068324,1,37.4323341,-121.8995741,139.4983604867238
80,Durham,North Carolina,270.0,5.879873850892356,3,35.99403289999999,-78.898619,137.758057492521
9,San Jose,California,240.0,1.7584038084147078,1,37.338208200000004,-121.88632859999998,136.48742049550748
818,Elmhurst,Illinois,225.0,8.566576718990746,5,41.8994744,-87.9403418,131.32433606834488
96,Fremont,California,240.0,1.8361322319216664,1,37.548269700000006,-121.98857190000001,130.70954031933738
448,San Ramon,California,240.0,1.8503290252598972,1,37.7799273,-121.9780153,129.70666120653303
218,Santa Clara,California,240.0,1.862009276326226,1,37.354107899999995,-121.9552356,128.89302059414217
381,Cicero,Illinois,235.0,9.135647076344707,5,41.8455877,-87.7539448,128.61705253943904
14,Columbus,Ohio,224.0,3.5203046023140283,2,39.9611755,-82.99879419999998,127.26171471227597
76,Fort Wayne,Indiana,354.0,11.263849595806404,4,41.079273,-85.13935129999999,125.71190585918201
294,South Bend,Indiana,235.0,9.42770990288603,5,41.676354499999995,-86.25198979999998,124.63260029249592
461,Union City,California,240.0,1.928450710973171,1,37.59339179999999,-122.0438298,124.45223444621341
428,Gary,Indiana,285.0,13.799921708839214,6,41.5933696,-87.3464271,123.91374647471368
173,Joliet,Illinois,159.0,3.8745942854873134,3,41.525031,-88.0817251,123.10966383929589
424,Hammond,Indiana,285.0,13.935414921473994,6,41.583368799999995,-87.5000412,122.7089404682848
167,Sunnyvale,California,240.0,1.9897127600319533,1,37.368829999999996,-122.03634960000001,120.62042563176092
160,Hayward,California,240.0,1.9969985965894776,1,37.6688205,-122.08079640000001,120.18035486348252
966,Grove City,Ohio,224.0,3.7366622938801,2,39.88145189999999,-83.09296440000001,119.89309302414985
414,Mountain View,California,240.0,2.0608958527134638,1,37.3860517,-122.08385109999999,116.45421076664583
211,Concord,California,240.0,2.0717867802365624,1,37.9779776,-122.0310733,115.84203658862816
347,San Leandro,California,240.0,2.140044376456265,1,37.7249296,-122.1560768,112.14720715157318
202,Cedar Rapids,Iowa,222.0,6.249768125048495,3,41.9778795,-91.66562320000001,106.56395352184882
262,High Point,North Carolina,297.0,11.152190374704018,4,35.955692299999995,-80.0053176,106.5261585468164
463,Iowa City,Iowa,222.0,6.262432911122885,3,41.6611277,-91.5301683,106.34844467828127
395,Redwood City,California,240.0,2.284983704399569,1,37.485215200000006,-122.2363548,105.03357180967967
66,Greensboro,North Carolina,297.0,11.323433489065245,4,36.072635399999996,-79.79197540000001,104.91517446075183
431,Alameda,California,240.0,2.3008507899531545,1,37.7652065,-122.2416355,104.3092411937266
44,Oakland,California,240.0,2.366059738507441,1,37.8043637,-122.27111370000002,101.43446342204231
346,Greenville,North Carolina,220.0,4.371889799970083,2,35.612660999999996,-77.3663538,100.6429759512719
249,Fairfield,California,240.0,2.386696105411512,1,38.24935809999999,-122.03996629999999,100.55741887533662
25,Baltimore,Maryland,223.0,4.438669808470442,2,39.2903848,-76.6121893,100.4805536895052
226,Berkeley,California,240.0,2.3999959697360893,1,37.87159260000001,-122.272747,100.00016792794494
157,Salinas,California,240.0,2.4154272070784435,1,36.6777372,-121.6555013,99.36130523688588
285,San Mateo,California,240.0,2.4267040426073248,1,37.562991700000005,-122.32552539999999,98.89957563269095
313,Vacaville,California,240.0,2.467107949422501,1,38.3565773,-121.98774440000001,97.27989407848126
29,Louisville/Jefferson County,Kentucky,185.0,3.8487835959463386,2,38.252664700000004,-85.7584557,96.1342696403341
223,Vallejo,California,240.0,2.5469044009440007,1,38.1040864,-122.25663670000002,94.23204102637102
264,Richmond,California,240.0,2.5638867371829708,1,37.9357576,-122.3477486,93.60787920908555
12,San Francisco,California,240.0,2.6131242984665675,1,37.7749295,-122.4194155,91.84408110277674
21,Washington,District of Columbia,248.0,8.273433272569724,3,38.9071923,-77.03687070000001,89.92639155823082
273,Daly City,California,240.0,2.683290576053384,1,37.687924100000004,-122.47020790000002,89.44241899921062
389,Bloomington,Indiana,185.0,4.252573029968884,2,39.165325,-86.52638569999998,87.00614837006275
165,Alexandria,Virginia,248.0,8.657588319653929,3,38.804835499999996,-77.0469214,85.93617212209277
411,Napa,California,240.0,2.8023197264079687,1,38.2975381,-122.28686499999999,85.64333246429148
558,Ames,Iowa,35.0,0.4148447783474225,1,42.03078120000001,-93.6319131,84.36890573728843
614,San Rafael,California,240.0,2.8958753862616704,1,37.9735346,-122.5310874,82.87649431967432
240,Wilmington,North Carolina,220.0,5.620716425607755,2,34.2257255,-77.9447102,78.28183574524022
284,El Cajon,California,240.0,6.4441423869575445,2,32.7947731,-116.96252690000001,74.48624986491353
355,Asheville,North Carolina,100.0,5.729648135326494,4,35.5950581,-82.5514869,69.81231491926627
13,Indianapolis,Indiana,185.0,5.450400034683862,2,39.768403,-86.158068,67.88492544501112
97,Richmond,Virginia,199.0,5.905663269704988,2,37.540724600000004,-77.4360481,67.39293823975198
368,Fishers,Indiana,185.0,5.981200707708421,2,39.95675479999999,-86.01335,61.8604889020282
367,Carmel,Indiana,185.0,6.15287592888263,2,39.978371,-86.1180435,60.13448089586173
459,Gastonia,North Carolina,142.0,7.4374026077968205,3,35.262082,-81.18730049999998,57.27806096625901
60,Lexington-Fayette,Kentucky,120.0,2.4105981843754725,1,38.040583700000006,-84.50371640000002,49.78017521866221
386,O'Fallon,Missouri,30.0,0.6959428102325113,1,38.8106075,-90.6998477,43.10699034303859
59,St. Louis,Missouri,30.0,0.7943478194751603,1,38.6270025,-90.1994042,37.76683118463337
128,Knoxville,Tennessee,73.0,5.808194187079315,3,35.96063839999999,-83.9207392,37.705350913917265
169,Kansas City,Kansas,30.0,0.8114488837935674,1,39.114053000000006,-94.6274636,36.970905498998754
377,Concord,North Carolina,77.0,4.252768331406418,2,35.4087517,-80.579511,36.211706822287965
16,Charlotte,North Carolina,77.0,4.435140054140642,2,35.2270869,-80.8431267,34.72269153174222
36,Kansas City,Missouri,30.0,0.8877160991441336,1,39.0997265,-94.5785667,33.79458818976433
104,Des Moines,Iowa,35.0,1.114887303022745,1,41.600544799999994,-93.6091064,31.393307561316767
86,Winston-Salem,North Carolina,77.0,5.290348088258078,2,36.09985959999999,-80.24421600000001,29.109615743773617
127,Overland Park,Kansas,30.0,1.0327868767312278,1,38.9822282,-94.6707917,29.04761928709827
222,Evansville,Indiana,65.0,2.321900861307666,1,37.9715592,-87.5710898,27.99430461617246
230,Independence,Missouri,30.0,1.0980697506678667,1,39.0911161,-94.4155068,27.32066882067686
332,Lawrence,Kansas,30.0,1.1331810847373436,1,38.971668900000004,-95.23525009999999,26.47414469237598
193,Olathe,Kansas,30.0,1.1858460701797218,1,38.8813958,-94.8191285,25.29839306669316
234,Fargo,North Dakota,65.0,6.1437398899848485,2,46.8771863,-96.78980340000001,21.15974997768348
323,Lee's Summit,Missouri,30.0,1.427414056231456,1,38.9108408,-94.3821724,21.017027168139002
212,Topeka,Kansas,30.0,1.5686992839594325,1,39.055823499999995,-95.6890185,19.12412423895504
396,Sioux City,Iowa,50.0,2.6771013245435653,1,42.4999942,-96.4003069,18.676917284228974
194,Columbia,South Carolina,50.0,3.0732287540684187,1,34.0007104,-81.0348144,16.269534096285128
235,Peoria,Illinois,28.0,2.514388289867438,1,40.6936488,-89.58898640000001,11.13590932348647
231,Columbia,Missouri,30.0,3.1220636935451167,1,38.95170529999999,-92.33407240000001,9.60902881706903
224,Athens-Clarke County,Georgia,8.0,2.620932654930282,1,33.9519347,-83.357567,3.05234855422594
392,Johns Creek,Georgia,8.0,3.1365069088314064,1,34.0289259,-84.19857900000001,2.550608123155904
797,Wauwatosa,Wisconsin,0.0,0.0,0,0.0,0.0,1.0
793,St. Louis Park,Minnesota,0.0,0.0,0,0.0,0.0,1.0
785,Coeur d'Alene,Idaho,0.0,0.0,0,0.0,0.0,1.0
815,Beavercreek,Ohio,0.0,0.0,0,0.0,0.0,1.0
784,Minot,North Dakota,0.0,0.0,0,0.0,0.0,1.0
767,Harrisburg,Pennsylvania,0.0,0.0,0,0.0,0.0,1.0
766,Methuen,Massachusetts,0.0,0.0,0,0.0,0.0,1.0
995,Dover,Delaware,0.0,0.0,0,0.0,0.0,1.0
768,Covina,California,0.0,0.0,0,0.0,0.0,1.0
769,Logan,Utah,0.0,0.0,0,0.0,0.0,1.0
794,Maricopa,Arizona,0.0,0.0,0,0.0,0.0,1.0
783,Dunwoody,Georgia,0.0,0.0,0,0.0,0.0,1.0
765,Cuyahoga Falls,Ohio,0.0,0.0,0,0.0,0.0,1.0
816,Wylie,Texas,0.0,0.0,0,0.0,0.0,1.0
996,Keizer,Oregon,0.0,0.0,0,0.0,0.0,1.0
814,Columbus,Indiana,0.0,0.0,0,0.0,0.0,1.0
762,Cypress,California,0.0,0.0,0,0.0,0.0,1.0
792,Lawrence,Indiana,0.0,0.0,0,0.0,0.0,1.0
761,Bonita Springs,Florida,0.0,0.0,0,0.0,0.0,1.0
786,Euclid,Ohio,0.0,0.0,0,0.0,0.0,1.0
791,Roseville,Michigan,0.0,0.0,0,0.0,0.0,1.0
787,Salina,Kansas,0.0,0.0,0,0.0,0.0,1.0
817,Lincoln,California,0.0,0.0,0,0.0,0.0,1.0
788,Newark,Ohio,0.0,0.0,0,0.0,0.0,1.0
790,Chesterfield,Missouri,0.0,0.0,0,0.0,0.0,1.0
994,Braintree Town,Massachusetts,0.0,0.0,0,0.0,0.0,1.0
770,Bedford,Texas,0.0,0.0,0,0.0,0.0,1.0
813,Draper,Utah,0.0,0.0,0,0.0,0.0,1.0
780,Alexandria,Louisiana,0.0,0.0,0,0.0,0.0,1.0
812,Binghamton,New York,0.0,0.0,0,0.0,0.0,1.0
798,Apopka,Florida,0.0,0.0,0,0.0,0.0,1.0
779,Stillwater,Oklahoma,0.0,0.0,0,0.0,0.0,1.0
799,Middletown,Connecticut,0.0,0.0,0,0.0,0.0,1.0
800,Hattiesburg,Mississippi,0.0,0.0,0,0.0,0.0,1.0
778,Roswell,New Mexico,0.0,0.0,0,0.0,0.0,1.0
801,Summerville,South Carolina,0.0,0.0,0,0.0,0.0,1.0
802,Mentor,Ohio,0.0,0.0,0,0.0,0.0,1.0
803,Palm Springs,California,0.0,0.0,0,0.0,0.0,1.0
777,East Lansing,Michigan,0.0,0.0,0,0.0,0.0,1.0
804,Mansfield,Ohio,0.0,0.0,0,0.0,0.0,1.0
805,Glenview,Illinois,0.0,0.0,0,0.0,0.0,1.0
796,East Providence,Rhode Island,0.0,0.0,0,0.0,0.0,1.0
806,San Luis Obispo,California,0.0,0.0,0,0.0,0.0,1.0
807,Texas City,Texas,0.0,0.0,0,0.0,0.0,1.0
776,Collierville,Tennessee,0.0,0.0,0,0.0,0.0,1.0
789,Portage,Michigan,0.0,0.0,0,0.0,0.0,1.0
809,San Jacinto,California,0.0,0.0,0,0.0,0.0,1.0
810,Madison,Alabama,0.0,0.0,0,0.0,0.0,1.0
811,Jeffersonville,Indiana,0.0,0.0,0,0.0,0.0,1.0
781,Mishawaka,Indiana,0.0,0.0,0,0.0,0.0,1.0
775,Sheboygan,Wisconsin,0.0,0.0,0,0.0,0.0,1.0
774,Middletown,Ohio,0.0,0.0,0,0.0,0.0,1.0
782,Cedar Hill,Texas,0.0,0.0,0,0.0,0.0,1.0
773,Azusa,California,0.0,0.0,0,0.0,0.0,1.0
795,Ceres,California,0.0,0.0,0,0.0,0.0,1.0
772,Huntington,West Virginia,0.0,0.0,0,0.0,0.0,1.0
771,Murray,Utah,0.0,0.0,0,0.0,0.0,1.0
808,Twin Falls,Idaho,0.0,0.0,0,0.0,0.0,1.0
914,Warren,Ohio,0.0,0.0,0,0.0,0.0,1.0
760,Rancho Santa Margarita,California,0.0,0.0,0,0.0,0.0,1.0
687,Doral,Florida,0.0,0.0,0,0.0,0.0,1.0
690,Bellevue,Nebraska,0.0,0.0,0,0.0,0.0,1.0
998,Lincoln Park,Michigan,0.0,0.0,0,0.0,0.0,1.0
691,Ankeny,Iowa,0.0,0.0,0,0.0,0.0,1.0
693,Euless,Texas,0.0,0.0,0,0.0,0.0,1.0
694,Blue Springs,Missouri,0.0,0.0,0,0.0,0.0,1.0
695,Cathedral City,California,0.0,0.0,0,0.0,0.0,1.0
696,Hoboken,New Jersey,0.0,0.0,0,0.0,0.0,1.0
697,Watsonville,California,0.0,0.0,0,0.0,0.0,1.0
698,Lake Havasu City,Arizona,0.0,0.0,0,0.0,0.0,1.0
699,Yucaipa,California,0.0,0.0,0,0.0,0.0,1.0
700,Pensacola,Florida,0.0,0.0,0,0.0,0.0,1.0
701,Kingsport,Tennessee,0.0,0.0,0,0.0,0.0,1.0
702,Richland,Washington,0.0,0.0,0,0.0,0.0,1.0
703,Bradenton,Florida,0.0,0.0,0,0.0,0.0,1.0
704,Delano,California,0.0,0.0,0,0.0,0.0,1.0
705,West New York,New Jersey,0.0,0.0,0,0.0,0.0,1.0
706,Gilroy,California,0.0,0.0,0,0.0,0.0,1.0
707,Harrisonburg,Virginia,0.0,0.0,0,0.0,0.0,1.0
708,La Crosse,Wisconsin,0.0,0.0,0,0.0,0.0,1.0
709,Placentia,California,0.0,0.0,0,0.0,0.0,1.0
710,Peabody,Massachusetts,0.0,0.0,0,0.0,0.0,1.0
688,Colton,California,0.0,0.0,0,0.0,0.0,1.0
686,Revere,Massachusetts,0.0,0.0,0,0.0,0.0,1.0
712,Perth Amboy,New Jersey,0.0,0.0,0,0.0,0.0,1.0
685,Sarasota,Florida,0.0,0.0,0,0.0,0.0,1.0
663,Decatur,Alabama,0.0,0.0,0,0.0,0.0,1.0
664,Hempstead,New York,0.0,0.0,0,0.0,0.0,1.0
666,Anderson,Indiana,0.0,0.0,0,0.0,0.0,1.0
667,Paramount,California,0.0,0.0,0,0.0,0.0,1.0
668,Shoreline,Washington,0.0,0.0,0,0.0,0.0,1.0
669,Hendersonville,Tennessee,0.0,0.0,0,0.0,0.0,1.0
670,Hanford,California,0.0,0.0,0,0.0,0.0,1.0
671,Novato,California,0.0,0.0,0,0.0,0.0,1.0
672,Smyrna,Georgia,0.0,0.0,0,0.0,0.0,1.0
673,Corvallis,Oregon,0.0,0.0,0,0.0,0.0,1.0
674,Mount Prospect,Illinois,0.0,0.0,0,0.0,0.0,1.0
675,Rosemead,California,0.0,0.0,0,0.0,0.0,1.0
676,West Haven,Connecticut,0.0,0.0,0,0.0,0.0,1.0
677,Dublin,California,0.0,0.0,0,0.0,0.0,1.0
678,Highland,California,0.0,0.0,0,0.0,0.0,1.0
679,Pflugerville,Texas,0.0,0.0,0,0.0,0.0,1.0
680,Normal,Illinois,0.0,0.0,0,0.0,0.0,1.0
681,Port Arthur,Texas,0.0,0.0,0,0.0,0.0,1.0
682,Carson City,Nevada,0.0,0.0,0,0.0,0.0,1.0
683,Greenwood,Indiana,0.0,0.0,0,0.0,0.0,1.0
684,Pocatello,Idaho,0.0,0.0,0,0.0,0.0,1.0
711,Hoffman Estates,Illinois,0.0,0.0,0,0.0,0.0,1.0
997,Addison,Illinois,0.0,0.0,0,0.0,0.0,1.0
759,Wilson,North Carolina,0.0,0.0,0,0.0,0.0,1.0
737,Plainfield,New Jersey,0.0,0.0,0,0.0,0.0,1.0
738,Pinellas Park,Florida,0.0,0.0,0,0.0,0.0,1.0
739,Lakewood,Ohio,0.0,0.0,0,0.0,0.0,1.0
740,Grapevine,Texas,0.0,0.0,0,0.0,0.0,1.0
741,Tigard,Oregon,0.0,0.0,0,0.0,0.0,1.0
742,Kentwood,Michigan,0.0,0.0,0,0.0,0.0,1.0
743,Apple Valley,Minnesota,0.0,0.0,0,0.0,0.0,1.0
744,Charleston,West Virginia,0.0,0.0,0,0.0,0.0,1.0
745,Aliso Viejo,California,0.0,0.0,0,0.0,0.0,1.0
746,Caldwell,Idaho,0.0,0.0,0,0.0,0.0,1.0
747,Burien,Washington,0.0,0.0,0,0.0,0.0,1.0
748,Cerritos,California,0.0,0.0,0,0.0,0.0,1.0
749,Troy,New York,0.0,0.0,0,0.0,0.0,1.0
750,Parker,Colorado,0.0,0.0,0,0.0,0.0,1.0
751,Poway,California,0.0,0.0,0,0.0,0.0,1.0
752,Saginaw,Michigan,0.0,0.0,0,0.0,0.0,1.0
753,Downers Grove,Illinois,0.0,0.0,0,0.0,0.0,1.0
754,Galveston,Texas,0.0,0.0,0,0.0,0.0,1.0
755,Monroe,Louisiana,0.0,0.0,0,0.0,0.0,1.0
756,Edina,Minnesota,0.0,0.0,0,0.0,0.0,1.0
757,Leesburg,Virginia,0.0,0.0,0,0.0,0.0,1.0
758,La Mirada,California,0.0,0.0,0,0.0,0.0,1.0
820,Altoona,Pennsylvania,0.0,0.0,0,0.0,0.0,1.0
736,Lenexa,Kansas,0.0,0.0,0,0.0,0.0,1.0
713,Florissant,Missouri,0.0,0.0,0,0.0,0.0,1.0
735,Brookhaven,Georgia,0.0,0.0,0,0.0,0.0,1.0
714,Oak Park,Illinois,0.0,0.0,0,0.0,0.0,1.0
715,Albany,Oregon,0.0,0.0,0,0.0,0.0,1.0
716,DeSoto,Texas,0.0,0.0,0,0.0,0.0,1.0
717,Palm Beach Gardens,Florida,0.0,0.0,0,0.0,0.0,1.0
718,Milford,Connecticut,0.0,0.0,0,0.0,0.0,1.0
719,West Sacramento,California,0.0,0.0,0,0.0,0.0,1.0
720,Battle Creek,Michigan,0.0,0.0,0,0.0,0.0,1.0
721,Southaven,Mississippi,0.0,0.0,0,0.0,0.0,1.0
722,Burlington,North Carolina,0.0,0.0,0,0.0,0.0,1.0
723,Commerce City,Colorado,0.0,0.0,0,0.0,0.0,1.0
724,Huntersville,North Carolina,0.0,0.0,0,0.0,0.0,1.0
725,Minnetonka,Minnesota,0.0,0.0,0,0.0,0.0,1.0
726,Casa Grande,Arizona,0.0,0.0,0,0.0,0.0,1.0
727,Glendora,California,0.0,0.0,0,0.0,0.0,1.0
728,Elkhart,Indiana,0.0,0.0,0,0.0,0.0,1.0
729,Enid,Oklahoma,0.0,0.0,0,0.0,0.0,1.0
730,Joplin,Missouri,0.0,0.0,0,0.0,0.0,1.0
731,Grand Island,Nebraska,0.0,0.0,0,0.0,0.0,1.0
732,Sammamish,Washington,0.0,0.0,0,0.0,0.0,1.0
733,Coral Gables,Florida,0.0,0.0,0,0.0,0.0,1.0
734,Palm Desert,California,0.0,0.0,0,0.0,0.0,1.0
819,Charlottesville,Virginia,0.0,0.0,0,0.0,0.0,1.0
987,Martinez,California,0.0,0.0,0,0.0,0.0,1.0
821,Lacey,Washington,0.0,0.0,0,0.0,0.0,1.0
945,Atlantic City,New Jersey,0.0,0.0,0,0.0,0.0,1.0
884,Burleson,Texas,0.0,0.0,0,0.0,0.0,1.0
885,Rockwall,Texas,0.0,0.0,0,0.0,0.0,1.0
944,Lancaster,Ohio,0.0,0.0,0,0.0,0.0,1.0
943,Marlborough,Massachusetts,0.0,0.0,0,0.0,0.0,1.0
942,Shakopee,Minnesota,0.0,0.0,0,0.0,0.0,1.0
941,Romeoville,Illinois,0.0,0.0,0,0.0,0.0,1.0
940,Culver City,California,0.0,0.0,0,0.0,0.0,1.0
886,Buffalo Grove,Illinois,0.0,0.0,0,0.0,0.0,1.0
887,Bozeman,Montana,0.0,0.0,0,0.0,0.0,1.0
939,Duncanville,Texas,0.0,0.0,0,0.0,0.0,1.0
888,Linden,New Jersey,0.0,0.0,0,0.0,0.0,1.0
938,Calexico,California,0.0,0.0,0,0.0,0.0,1.0
936,Moorhead,Minnesota,0.0,0.0,0,0.0,0.0,1.0
935,Clovis,New Mexico,0.0,0.0,0,0.0,0.0,1.0
934,Marana,Arizona,0.0,0.0,0,0.0,0.0,1.0
889,Hutchinson,Kansas,0.0,0.0,0,0.0,0.0,1.0
890,Bartlett,Illinois,0.0,0.0,0,0.0,0.0,1.0
883,Kearny,New Jersey,0.0,0.0,0,0.0,0.0,1.0
882,Midland,Michigan,0.0,0.0,0,0.0,0.0,1.0
822,Pine Bluff,Arkansas,0.0,0.0,0,0.0,0.0,1.0
946,Bullhead City,Arizona,0.0,0.0,0,0.0,0.0,1.0
958,Annapolis,Maryland,0.0,0.0,0,0.0,0.0,1.0
957,Chelsea,Massachusetts,0.0,0.0,0,0.0,0.0,1.0
876,Plainfield,Illinois,0.0,0.0,0,0.0,0.0,1.0
956,Hallandale Beach,Florida,0.0,0.0,0,0.0,0.0,1.0
955,Ormond Beach,Florida,0.0,0.0,0,0.0,0.0,1.0
877,State College,Pennsylvania,0.0,0.0,0,0.0,0.0,1.0
878,Manassas,Virginia,0.0,0.0,0,0.0,0.0,1.0
879,Morgan Hill,California,0.0,0.0,0,0.0,0.0,1.0
880,Urbana,Illinois,0.0,0.0,0,0.0,0.0,1.0
954,Pacifica,California,0.0,0.0,0,0.0,0.0,1.0
953,Puyallup,Washington,0.0,0.0,0,0.0,0.0,1.0
881,Oro Valley,Arizona,0.0,0.0,0,0.0,0.0,1.0
952,Greenacres,Florida,0.0,0.0,0,0.0,0.0,1.0
951,Cape Girardeau,Missouri,0.0,0.0,0,0.0,0.0,1.0
949,Germantown,Tennessee,0.0,0.0,0,0.0,0.0,1.0
661,Kettering,Ohio,0.0,0.0,0,0.0,0.0,1.0
947,Wausau,Wisconsin,0.0,0.0,0,0.0,0.0,1.0
933,Sherman,Texas,0.0,0.0,0,0.0,0.0,1.0
932,La Quinta,California,0.0,0.0,0,0.0,0.0,1.0
891,Bentonville,Arkansas,0.0,0.0,0,0.0,0.0,1.0
892,Westfield,Massachusetts,0.0,0.0,0,0.0,0.0,1.0
923,Carol Stream,Illinois,0.0,0.0,0,0.0,0.0,1.0
905,Beverly,Massachusetts,0.0,0.0,0,0.0,0.0,1.0
922,Hagerstown,Maryland,0.0,0.0,0,0.0,0.0,1.0
921,Goose Creek,South Carolina,0.0,0.0,0,0.0,0.0,1.0
906,Covington,Kentucky,0.0,0.0,0,0.0,0.0,1.0
907,Sumter,South Carolina,0.0,0.0,0,0.0,0.0,1.0
920,Mankato,Minnesota,0.0,0.0,0,0.0,0.0,1.0
919,Huntsville,Texas,0.0,0.0,0,0.0,0.0,1.0
908,Edmonds,Washington,0.0,0.0,0,0.0,0.0,1.0
918,Fitchburg,Massachusetts,0.0,0.0,0,0.0,0.0,1.0
917,Crystal Lake,Illinois,0.0,0.0,0,0.0,0.0,1.0
916,San Gabriel,California,0.0,0.0,0,0.0,0.0,1.0
909,Cedar Falls,Iowa,0.0,0.0,0,0.0,0.0,1.0
910,Wilkes-Barre,Pennsylvania,0.0,0.0,0,0.0,0.0,1.0
911,Quincy,Illinois,0.0,0.0,0,0.0,0.0,1.0
912,La Puente,California,0.0,0.0,0,0.0,0.0,1.0
913,Coppell,Texas,0.0,0.0,0,0.0,0.0,1.0
924,Streamwood,Illinois,0.0,0.0,0,0.0,0.0,1.0
925,Florence,Alabama,0.0,0.0,0,0.0,0.0,1.0
926,Maplewood,Minnesota,0.0,0.0,0,0.0,0.0,1.0
900,Findlay,Ohio,0.0,0.0,0,0.0,0.0,1.0
893,Brea,California,0.0,0.0,0,0.0,0.0,1.0
894,Riverton,Utah,0.0,0.0,0,0.0,0.0,1.0
895,The Colony,Texas,0.0,0.0,0,0.0,0.0,1.0
896,Shelton,Connecticut,0.0,0.0,0,0.0,0.0,1.0
897,Woonsocket,Rhode Island,0.0,0.0,0,0.0,0.0,1.0
898,Leominster,Massachusetts,0.0,0.0,0,0.0,0.0,1.0
899,Campbell,California,0.0,0.0,0,0.0,0.0,1.0
931,Hilton Head Island,South Carolina,0.0,0.0,0,0.0,0.0,1.0
927,Meridian,Mississippi,0.0,0.0,0,0.0,0.0,1.0
901,Prescott Valley,Arizona,0.0,0.0,0,0.0,0.0,1.0
902,Ocoee,Florida,0.0,0.0,0,0.0,0.0,1.0
903,Brentwood,Tennessee,0.0,0.0,0,0.0,0.0,1.0
930,Holyoke,Massachusetts,0.0,0.0,0,0.0,0.0,1.0
929,Hickory,North Carolina,0.0,0.0,0,0.0,0.0,1.0
928,Norwich,Connecticut,0.0,0.0,0,0.0,0.0,1.0
904,Prescott,Arizona,0.0,0.0,0,0.0,0.0,1.0
875,Burlington,Vermont,0.0,0.0,0,0.0,0.0,1.0
959,Winter Garden,Florida,0.0,0.0,0,0.0,0.0,1.0
960,Hurst,Texas,0.0,0.0,0,0.0,0.0,1.0
857,North Lauderdale,Florida,0.0,0.0,0,0.0,0.0,1.0
844,Haltom City,Texas,0.0,0.0,0,0.0,0.0,1.0
845,Danville,California,0.0,0.0,0,0.0,0.0,1.0
846,Apex,North Carolina,0.0,0.0,0,0.0,0.0,1.0
992,Monrovia,California,0.0,0.0,0,0.0,0.0,1.0
847,Lombard,Illinois,0.0,0.0,0,0.0,0.0,1.0
848,York,Pennsylvania,0.0,0.0,0,0.0,0.0,1.0
849,Sierra Vista,Arizona,0.0,0.0,0,0.0,0.0,1.0
850,Oakland Park,Florida,0.0,0.0,0,0.0,0.0,1.0
991,Aventura,Florida,0.0,0.0,0,0.0,0.0,1.0
851,El Centro,California,0.0,0.0,0,0.0,0.0,1.0
852,Pittsfield,Massachusetts,0.0,0.0,0,0.0,0.0,1.0
990,Spartanburg,South Carolina,0.0,0.0,0,0.0,0.0,1.0
989,Spanish Fork,Utah,0.0,0.0,0,0.0,0.0,1.0
853,North Miami Beach,Florida,0.0,0.0,0,0.0,0.0,1.0
854,Fort Pierce,Florida,0.0,0.0,0,0.0,0.0,1.0
988,Phenix City,Alabama,0.0,0.0,0,0.0,0.0,1.0
856,Freeport,New York,0.0,0.0,0,0.0,0.0,1.0
843,Keller,Texas,0.0,0.0,0,0.0,0.0,1.0
842,Attleboro,Massachusetts,0.0,0.0,0,0.0,0.0,1.0
841,Blacksburg,Virginia,0.0,0.0,0,0.0,0.0,1.0
831,Titusville,Florida,0.0,0.0,0,0.0,0.0,1.0
823,Smyrna,Tennessee,0.0,0.0,0,0.0,0.0,1.0
824,Sayreville,New Jersey,0.0,0.0,0,0.0,0.0,1.0
825,Kannapolis,North Carolina,0.0,0.0,0,0.0,0.0,1.0
826,Cleveland Heights,Ohio,0.0,0.0,0,0.0,0.0,1.0
827,Biloxi,Mississippi,0.0,0.0,0,0.0,0.0,1.0
828,Newark,California,0.0,0.0,0,0.0,0.0,1.0
830,Strongsville,Ohio,0.0,0.0,0,0.0,0.0,1.0
832,Barnstable Town,Massachusetts,0.0,0.0,0,0.0,0.0,1.0
840,Lompoc,California,0.0,0.0,0,0.0,0.0,1.0
993,Delaware,Ohio,0.0,0.0,0,0.0,0.0,1.0
834,Farmington,New Mexico,0.0,0.0,0,0.0,0.0,1.0
835,Cutler Bay,Florida,0.0,0.0,0,0.0,0.0,1.0
836,Everett,Massachusetts,0.0,0.0,0,0.0,0.0,1.0
837,Dublin,Ohio,0.0,0.0,0,0.0,0.0,1.0
838,Coachella,California,0.0,0.0,0,0.0,0.0,1.0
839,DeKalb,Illinois,0.0,0.0,0,0.0,0.0,1.0
915,Peachtree Corners,Georgia,0.0,0.0,0,33.9698929,-84.2214551,1.0
986,Weslaco,Texas,0.0,0.0,0,0.0,0.0,1.0
874,Altamonte Springs,Florida,0.0,0.0,0,0.0,0.0,1.0
984,Panama City,Florida,0.0,0.0,0,0.0,0.0,1.0
974,Huber Heights,Ohio,0.0,0.0,0,0.0,0.0,1.0
973,Friendswood,Texas,0.0,0.0,0,0.0,0.0,1.0
972,Lima,Ohio,0.0,0.0,0,0.0,0.0,1.0
971,Muskegon,Michigan,0.0,0.0,0,0.0,0.0,1.0
970,Carpentersville,Illinois,0.0,0.0,0,0.0,0.0,1.0
969,Lancaster,Texas,0.0,0.0,0,0.0,0.0,1.0
870,Danville,Virginia,0.0,0.0,0,0.0,0.0,1.0
871,Concord,New Hampshire,0.0,0.0,0,0.0,0.0,1.0
968,Montclair,California,0.0,0.0,0,0.0,0.0,1.0
967,Hanover Park,Illinois,0.0,0.0,0,0.0,0.0,1.0
965,Bremerton,Washington,0.0,0.0,0,0.0,0.0,1.0
964,Northglenn,Colorado,0.0,0.0,0,0.0,0.0,1.0
963,Muskogee,Oklahoma,0.0,0.0,0,0.0,0.0,1.0
962,Rock Island,Illinois,0.0,0.0,0,0.0,0.0,1.0
961,Stanton,California,0.0,0.0,0,0.0,0.0,1.0
872,Beaumont,California,0.0,0.0,0,0.0,0.0,1.0
873,Rohnert Park,California,0.0,0.0,0,0.0,0.0,1.0
869,Belleville,Illinois,0.0,0.0,0,0.0,0.0,1.0
868,Moline,Illinois,0.0,0.0,0,0.0,0.0,1.0
867,Rancho Palos Verdes,California,0.0,0.0,0,0.0,0.0,1.0
862,San Bruno,California,0.0,0.0,0,0.0,0.0,1.0
858,Cleveland,Tennessee,0.0,0.0,0,0.0,0.0,1.0
983,Valley Stream,New York,0.0,0.0,0,0.0,0.0,1.0
859,Urbandale,Iowa,0.0,0.0,0,0.0,0.0,1.0
982,Park Ridge,Illinois,0.0,0.0,0,0.0,0.0,1.0
860,Bell Gardens,California,0.0,0.0,0,0.0,0.0,1.0
861,Jefferson City,Missouri,0.0,0.0,0,0.0,0.0,1.0
981,Roy,Utah,0.0,0.0,0,0.0,0.0,1.0
980,Florence,South Carolina,0.0,0.0,0,0.0,0.0,1.0
975,Apache Junction,Arizona,0.0,0.0,0,0.0,0.0,1.0
863,St. Cloud,Florida,0.0,0.0,0,0.0,0.0,1.0
979,Brookfield,Wisconsin,0.0,0.0,0,0.0,0.0,1.0
978,Lake Oswego,Oregon,0.0,0.0,0,0.0,0.0,1.0
977,Wheeling,Illinois,0.0,0.0,0,0.0,0.0,1.0
976,Oviedo,Florida,0.0,0.0,0,0.0,0.0,1.0
865,Salem,Massachusetts,0.0,0.0,0,0.0,0.0,1.0
866,Fairfield,Ohio,0.0,0.0,0,0.0,0.0,1.0
662,Weymouth Town,Massachusetts,0.0,0.0,0,0.0,0.0,1.0
500,Union City,New Jersey,0.0,0.0,0,0.0,0.0,1.0
660,Castle Rock,Colorado,0.0,0.0,0,0.0,0.0,1.0
321,Allen,Texas,0.0,0.0,0,33.1031744,-96.67055030000002,1.0
291,Sandy Springs,Georgia,0.0,0.0,0,33.9304352,-84.3733147,1.0
292,Tyler,Texas,0.0,0.0,0,32.351260100000005,-95.3010624,1.0
300,San Angelo,Texas,0.0,0.0,0,31.4637723,-100.4370375,1.0
301,Davie,Florida,0.0,0.0,0,26.076478299999998,-80.25211569999998,1.0
309,Lawton,Oklahoma,0.0,0.0,0,34.6035669,-98.3959291,1.0
311,Tuscaloosa,Alabama,0.0,0.0,0,33.2098407,-87.56917349999998,1.0
312,Portsmouth,Virginia,0.0,0.0,0,36.835425799999996,-76.29827420000001,1.0
320,League City,Texas,0.0,0.0,0,29.5074538,-95.0949303,1.0
322,Roswell,Georgia,0.0,0.0,0,34.0232431,-84.36155550000001,1.0
214,Surprise,Arizona,0.0,0.0,0,33.62923370000001,-112.36792790000001,1.0
326,Yuma,Arizona,0.0,0.0,0,32.6926512,-114.62769159999999,1.0
337,Miami Beach,Florida,0.0,0.0,0,25.790654,-80.1300455,1.0
340,Plantation,Florida,0.0,0.0,0,26.1275862,-80.23310359999998,1.0
341,Boca Raton,Florida,0.0,0.0,0,26.3683064,-80.1289321,1.0
342,Sunrise,Florida,0.0,0.0,0,26.1669711,-80.25659499999998,1.0
343,Santa Barbara,California,0.0,0.0,0,34.4208305,-119.69819009999999,1.0
351,Edmond,Oklahoma,0.0,0.0,0,35.6528323,-97.47809540000002,1.0
359,Fort Smith,Arkansas,0.0,0.0,0,35.385924200000005,-94.3985475,1.0
289,Lakeland,Florida,0.0,0.0,0,28.039465399999997,-81.9498042,1.0
286,Lewisville,Texas,0.0,0.0,0,33.046233,-96.994174,1.0
283,Santa Maria,California,0.0,0.0,0,34.953033700000006,-120.43571909999999,1.0
282,Pearland,Texas,0.0,0.0,0,29.5635666,-95.2860474,1.0
220,Abilene,Texas,0.0,0.0,0,32.4487364,-99.73314390000002,1.0
221,Murfreesboro,Tennessee,0.0,0.0,0,35.8456213,-86.39027,1.0
227,Norman,Oklahoma,0.0,0.0,0,35.222566799999996,-97.4394777,1.0
229,Beaumont,Texas,0.0,0.0,0,30.080174,-94.12655620000001,1.0
232,Springfield,Illinois,0.0,0.0,0,39.78172130000001,-89.6501481,1.0
238,Odessa,Texas,0.0,0.0,0,31.8456816,-102.3676431,1.0
243,Round Rock,Texas,0.0,0.0,0,30.508255100000003,-97.678896,1.0
245,Miami Gardens,Florida,0.0,0.0,0,25.942037699999997,-80.2456045,1.0
252,Clearwater,Florida,0.0,0.0,0,27.9658533,-82.8001026,1.0
263,Richardson,Texas,0.0,0.0,0,32.948333500000004,-96.72985190000001,1.0
270,North Charleston,South Carolina,0.0,0.0,0,32.8546197,-79.9748103,1.0
272,Pompano Beach,Florida,0.0,0.0,0,26.2378597,-80.1247667,1.0
274,Palm Bay,Florida,0.0,0.0,0,28.034462100000006,-80.5886646,1.0
276,Wichita Falls,Texas,0.0,0.0,0,33.913708500000006,-98.49338730000001,1.0
279,Broken Arrow,Oklahoma,0.0,0.0,0,36.060949,-95.7974526,1.0
280,West Palm Beach,Florida,0.0,0.0,0,26.7153424,-80.0533746,1.0
281,College Station,Texas,0.0,0.0,0,30.627977,-96.3344068,1.0
363,Deltona,Florida,0.0,0.0,0,28.9005446,-81.26367379999998,1.0
365,Suffolk,Virginia,0.0,0.0,0,36.7282054,-76.5835621,1.0
366,Sugar Land,Texas,0.0,0.0,0,29.6196787,-95.6349463,1.0
456,Decatur,Illinois,0.0,0.0,0,39.84031470000001,-88.9548001,1.0
466,Boynton Beach,Florida,0.0,0.0,0,26.531786600000004,-80.0905465,1.0
468,New Britain,Connecticut,0.0,0.0,0,0.0,0.0,1.0
469,Loveland,Colorado,0.0,0.0,0,0.0,0.0,1.0
471,Canton,Ohio,0.0,0.0,0,0.0,0.0,1.0
472,Layton,Utah,0.0,0.0,0,0.0,0.0,1.0
473,Jonesboro,Arkansas,0.0,0.0,0,0.0,0.0,1.0
474,Lynwood,California,0.0,0.0,0,0.0,0.0,1.0
475,Wilmington,Delaware,0.0,0.0,0,0.0,0.0,1.0
476,Gulfport,Mississippi,0.0,0.0,0,0.0,0.0,1.0
477,Missouri City,Texas,0.0,0.0,0,0.0,0.0,1.0
478,Apple Valley,California,0.0,0.0,0,0.0,0.0,1.0
479,Passaic,New Jersey,0.0,0.0,0,0.0,0.0,1.0
480,Pawtucket,Rhode Island,0.0,0.0,0,0.0,0.0,1.0
481,Waukesha,Wisconsin,0.0,0.0,0,0.0,0.0,1.0
482,Turlock,California,0.0,0.0,0,0.0,0.0,1.0
483,Fort Myers,Florida,0.0,0.0,0,0.0,0.0,1.0
484,Temple,Texas,0.0,0.0,0,0.0,0.0,1.0
464,Warner Robins,Georgia,0.0,0.0,0,32.6130007,-83.624201,1.0
453,Lake Charles,Louisiana,0.0,0.0,0,30.226594899999995,-93.21737579999999,1.0
380,Champaign,Illinois,0.0,0.0,0,40.116420399999996,-88.2433829,1.0
446,Pharr,Texas,0.0,0.0,0,26.1947962,-98.1836216,1.0
382,Hoover,Alabama,0.0,0.0,0,33.405386699999994,-86.8113781,1.0
394,Edinburg,Texas,0.0,0.0,0,26.3017374,-98.1633432,1.0
397,Mission,Texas,0.0,0.0,0,26.2159066,-98.3252932,1.0
402,Longview,Texas,0.0,0.0,0,32.5007037,-94.7404891,1.0
405,Bryan,Texas,0.0,0.0,0,30.674364299999997,-96.3699632,1.0
406,Fayetteville,Arkansas,0.0,0.0,0,36.0625795,-94.1574263,1.0
408,Palm Coast,Florida,0.0,0.0,0,29.584452399999996,-81.20786989999998,1.0
412,Avondale,Arizona,0.0,0.0,0,33.4355977,-112.3496021,1.0
416,Largo,Florida,0.0,0.0,0,27.909466499999997,-82.7873244,1.0
418,Deerfield Beach,Florida,0.0,0.0,0,26.318412300000002,-80.09976569999998,1.0
419,Bloomington,Illinois,0.0,0.0,0,40.4842027,-88.99368729999998,1.0
423,Melbourne,Florida,0.0,0.0,0,28.0836269,-80.60810889999998,1.0
429,Mount Pleasant,South Carolina,0.0,0.0,0,32.8323225,-79.82842579999998,1.0
437,Springdale,Arkansas,0.0,0.0,0,36.18674420000001,-94.1288141,1.0
439,Baytown,Texas,0.0,0.0,0,29.735504700000003,-94.9774274,1.0
443,Albany,Georgia,0.0,0.0,0,31.578507399999996,-84.15574099999998,1.0
444,Goodyear,Arizona,0.0,0.0,0,33.4353394,-112.3576567,1.0
215,Lafayette,Louisiana,0.0,0.0,0,30.2240897,-92.0198427,1.0
210,Coral Springs,Florida,0.0,0.0,0,26.271192,-80.27060440000001,1.0
659,Chicopee,Massachusetts,0.0,0.0,0,0.0,0.0,1.0
79,Laredo,Texas,0.0,0.0,0,27.530567100000003,-99.4803241,1.0
52,Tampa,Florida,0.0,0.0,0,27.950575,-82.4571776,1.0
54,Honolulu,Hawaii,0.0,0.0,0,21.3069444,-157.8583333,1.0
57,Corpus Christi,Texas,0.0,0.0,0,27.800582799999997,-97.396381,1.0
69,Plano,Texas,0.0,0.0,0,33.0198431,-96.6988856,1.0
72,Orlando,Florida,0.0,0.0,0,28.5383355,-81.3792365,1.0
74,Chula Vista,California,0.0,0.0,0,32.6400541,-117.0841955,1.0
77,Chandler,Arizona,0.0,0.0,0,33.3061605,-111.8412502,1.0
78,St. Petersburg,Florida,0.0,0.0,0,27.751828399999997,-82.6267345,1.0
83,Norfolk,Virginia,0.0,0.0,0,36.8507689,-76.28587259999998,1.0
209,Midland,Texas,0.0,0.0,0,31.9973456,-102.0779146,1.0
84,Lubbock,Texas,0.0,0.0,0,33.5778631,-101.85516650000001,1.0
85,Gilbert,Arizona,0.0,0.0,0,33.3528264,-111.789027,1.0
87,Glendale,Arizona,0.0,0.0,0,33.538652299999995,-112.18598659999999,1.0
89,Hialeah,Florida,0.0,0.0,0,25.8575963,-80.2781057,1.0
90,Garland,Texas,0.0,0.0,0,32.912624,-96.6388833,1.0
91,Chesapeake,Virginia,0.0,0.0,0,36.7682088,-76.2874927,1.0
92,Irving,Texas,0.0,0.0,0,32.814017699999994,-96.9488945,1.0
94,Scottsdale,Arizona,0.0,0.0,0,33.494170399999994,-111.9260519,1.0
51,Bakersfield,California,0.0,0.0,0,35.3732921,-119.0187125,1.0
50,Arlington,Texas,0.0,0.0,0,32.735687,-97.1080656,1.0
49,New Orleans,Louisiana,0.0,0.0,0,29.95106579999999,-90.0715323,1.0
48,Wichita,Kansas,0.0,0.0,0,37.68717609999999,-97.330053,1.0
3,Houston,Texas,0.0,0.0,0,29.7604267,-95.36980279999999,1.0
5,Phoenix,Arizona,0.0,0.0,0,33.4483771,-112.07403729999999,1.0
6,San Antonio,Texas,0.0,0.0,0,29.4241219,-98.4936282,1.0
7,San Diego,California,0.0,0.0,0,32.715738,-117.1610838,1.0
8,Dallas,Texas,0.0,0.0,0,32.7766642,-96.7969879,1.0
10,Austin,Texas,0.0,0.0,0,30.267153000000004,-97.7430608,1.0
11,Jacksonville,Florida,0.0,0.0,0,30.3321838,-81.65565099999998,1.0
15,Fort Worth,Texas,0.0,0.0,0,32.7554883,-97.3307658,1.0
22,Memphis,Tennessee,0.0,0.0,0,35.1495343,-90.0489801,1.0
24,Nashville-Davidson,Tennessee,0.0,0.0,0,36.1626638,-86.78160159999999,1.0
26,Oklahoma City,Oklahoma,0.0,0.0,0,35.4675602,-97.5164276,1.0
32,Tucson,Arizona,0.0,0.0,0,32.2217429,-110.926479,1.0
37,Mesa,Arizona,0.0,0.0,0,33.4151843,-111.83147240000001,1.0
38,Atlanta,Georgia,0.0,0.0,0,33.7489954,-84.3879824,1.0
39,Virginia Beach,Virginia,0.0,0.0,0,36.8529263,-75.97798499999998,1.0
43,Miami,Florida,0.0,0.0,0,25.7616798,-80.1917902,1.0
46,Tulsa,Oklahoma,0.0,0.0,0,36.1539816,-95.992775,1.0
95,Baton Rouge,Louisiana,0.0,0.0,0,30.458282899999997,-91.1403196,1.0
100,Birmingham,Alabama,0.0,0.0,0,33.5206608,-86.80248999999998,1.0
110,Columbus,Georgia,0.0,0.0,0,32.4609764,-84.9877094,1.0
148,Springfield,Missouri,0.0,0.0,0,37.20895720000001,-93.2922989,1.0
156,McKinney,Texas,0.0,0.0,0,33.197246500000006,-96.6397822,1.0
162,Pasadena,Texas,0.0,0.0,0,29.6910625,-95.2091006,1.0
163,Macon-Bibb County,Georgia,0.0,0.0,0,32.8406946,-83.6324022,1.0
172,Hollywood,Florida,0.0,0.0,0,26.0112014,-80.1494901,1.0
175,Clarksville,Tennessee,0.0,0.0,0,36.5297706,-87.3594528,1.0
178,Frisco,Texas,0.0,0.0,0,33.1506744,-96.8236116,1.0
179,Mesquite,Texas,0.0,0.0,0,32.76679550000001,-96.5991593,1.0
180,Savannah,Georgia,0.0,0.0,0,32.0835407,-81.09983419999998,1.0
186,McAllen,Texas,0.0,0.0,0,26.203407100000003,-98.2300124,1.0
187,Killeen,Texas,0.0,0.0,0,31.117119399999996,-97.7277959,1.0
188,Hampton,Virginia,0.0,0.0,0,37.0298687,-76.34522179999998,1.0
191,Miramar,Florida,0.0,0.0,0,25.9860762,-80.30356019999998,1.0
198,Waco,Texas,0.0,0.0,0,31.549333,-97.1466695,1.0
199,Charleston,South Carolina,0.0,0.0,0,32.776474900000004,-79.93105120000001,1.0
205,Gainesville,Florida,0.0,0.0,0,29.6516344,-82.32482619999998,1.0
206,Carrollton,Texas,0.0,0.0,0,32.975641499999995,-96.88996359999999,1.0
208,Denton,Texas,0.0,0.0,0,33.2148412,-97.1330683,1.0
149,Pembroke Pines,Florida,0.0,0.0,0,26.007765,-80.2962555,1.0
147,Peoria,Arizona,0.0,0.0,0,33.5805955,-112.23737790000001,1.0
113,Montgomery,Alabama,0.0,0.0,0,32.366805199999995,-86.2999689,1.0
146,Sioux Falls,South Dakota,0.0,0.0,0,43.5445959,-96.7311034,1.0
116,Shreveport,Louisiana,0.0,0.0,0,32.5251516,-93.75017890000001,1.0
118,Little Rock,Arkansas,0.0,0.0,0,34.7464809,-92.2895948,1.0
119,Amarillo,Texas,0.0,0.0,0,35.2219971,-101.8312969,1.0
120,Augusta-Richmond County,Georgia,0.0,0.0,0,33.4734978,-82.0105148,1.0
121,Mobile,Alabama,0.0,0.0,0,30.6953657,-88.0398912,1.0
124,Huntsville,Alabama,0.0,0.0,0,34.730368799999994,-86.5861037,1.0
125,Tallahassee,Florida,0.0,0.0,0,30.4382559,-84.28073289999998,1.0
126,Grand Prairie,Texas,0.0,0.0,0,32.7459645,-96.9977846,1.0
129,Brownsville,Texas,0.0,0.0,0,25.9017472,-97.4974838,1.0
131,Newport News,Virginia,0.0,0.0,0,37.087082099999996,-76.4730122,1.0
134,Fort Lauderdale,Florida,0.0,0.0,0,26.122438600000002,-80.13731740000001,1.0
138,Santa Rosa,California,0.0,0.0,0,38.440428999999995,-122.7140548,1.0
139,Port St. Lucie,Florida,0.0,0.0,0,27.273049199999996,-80.3582261,1.0
140,Chattanooga,Tennessee,0.0,0.0,0,35.0456297,-85.3096801,1.0
141,Tempe,Arizona,0.0,0.0,0,33.4255104,-111.9400054,1.0
142,Jackson,Mississippi,0.0,0.0,0,32.298757300000005,-90.1848103,1.0
143,Cape Coral,Florida,0.0,0.0,0,26.5628537,-81.94953309999998,1.0
485,Lafayette,Indiana,0.0,0.0,0,0.0,0.0,1.0
486,Lauderhill,Florida,0.0,0.0,0,0.0,0.0,1.0
487,Redlands,California,0.0,0.0,0,0.0,0.0,1.0
604,Springfield,Ohio,0.0,0.0,0,0.0,0.0,1.0
596,Meriden,Connecticut,0.0,0.0,0,0.0,0.0,1.0
597,Springfield,Oregon,0.0,0.0,0,0.0,0.0,1.0
598,Auburn,Alabama,0.0,0.0,0,0.0,0.0,1.0
599,Grand Junction,Colorado,0.0,0.0,0,0.0,0.0,1.0
600,Casper,Wyoming,0.0,0.0,0,0.0,0.0,1.0
601,St. Clair Shores,Michigan,0.0,0.0,0,0.0,0.0,1.0
602,Lake Elsinore,California,0.0,0.0,0,0.0,0.0,1.0
603,Marietta,Georgia,0.0,0.0,0,0.0,0.0,1.0
605,Petaluma,California,0.0,0.0,0,0.0,0.0,1.0
488,Franklin,Tennessee,0.0,0.0,0,0.0,0.0,1.0
606,Lakeville,Minnesota,0.0,0.0,0,0.0,0.0,1.0
608,Lakewood,Washington,0.0,0.0,0,0.0,0.0,1.0
609,Buckeye,Arizona,0.0,0.0,0,0.0,0.0,1.0
610,Chapel Hill,North Carolina,0.0,0.0,0,0.0,0.0,1.0
611,Huntington Park,California,0.0,0.0,0,0.0,0.0,1.0
612,Lancaster,Pennsylvania,0.0,0.0,0,0.0,0.0,1.0
613,Redmond,Washington,0.0,0.0,0,0.0,0.0,1.0
615,Moore,Oklahoma,0.0,0.0,0,0.0,0.0,1.0
595,National City,California,0.0,0.0,0,0.0,0.0,1.0
594,Rocklin,California,0.0,0.0,0,0.0,0.0,1.0
593,North Port,Florida,0.0,0.0,0,0.0,0.0,1.0
592,Gardena,California,0.0,0.0,0,0.0,0.0,1.0
575,Tulare,California,0.0,0.0,0,0.0,0.0,1.0
576,Burnsville,Minnesota,0.0,0.0,0,0.0,0.0,1.0
577,Taylor,Michigan,0.0,0.0,0,0.0,0.0,1.0
578,Wellington,Florida,0.0,0.0,0,0.0,0.0,1.0
579,Rogers,Arkansas,0.0,0.0,0,0.0,0.0,1.0
580,Monterey Park,California,0.0,0.0,0,0.0,0.0,1.0
581,North Miami,Florida,0.0,0.0,0,0.0,0.0,1.0
582,Utica,New York,0.0,0.0,0,0.0,0.0,1.0
583,Blaine,Minnesota,0.0,0.0,0,0.0,0.0,1.0
584,Vineland,New Jersey,0.0,0.0,0,0.0,0.0,1.0
585,Terre Haute,Indiana,0.0,0.0,0,0.0,0.0,1.0
586,Malden,Massachusetts,0.0,0.0,0,0.0,0.0,1.0
587,Jupiter,Florida,0.0,0.0,0,0.0,0.0,1.0
588,Cupertino,California,0.0,0.0,0,0.0,0.0,1.0
589,West Allis,Wisconsin,0.0,0.0,0,0.0,0.0,1.0
590,Bristol,Connecticut,0.0,0.0,0,0.0,0.0,1.0
591,Taylorsville,Utah,0.0,0.0,0,0.0,0.0,1.0
616,La Mesa,California,0.0,0.0,0,0.0,0.0,1.0
617,Great Falls,Montana,0.0,0.0,0,0.0,0.0,1.0
618,Georgetown,Texas,0.0,0.0,0,0.0,0.0,1.0
640,Kokomo,Indiana,0.0,0.0,0,0.0,0.0,1.0
642,Santee,California,0.0,0.0,0,0.0,0.0,1.0
643,Midwest City,Oklahoma,0.0,0.0,0,0.0,0.0,1.0
644,Oak Lawn,Illinois,0.0,0.0,0,0.0,0.0,1.0
645,Brentwood,California,0.0,0.0,0,0.0,0.0,1.0
646,Eastvale,California,0.0,0.0,0,0.0,0.0,1.0
647,Fountain Valley,California,0.0,0.0,0,0.0,0.0,1.0
648,Diamond Bar,California,0.0,0.0,0,0.0,0.0,1.0
649,Berwyn,Illinois,0.0,0.0,0,0.0,0.0,1.0
650,Valdosta,Georgia,0.0,0.0,0,0.0,0.0,1.0
651,Taunton,Massachusetts,0.0,0.0,0,0.0,0.0,1.0
652,Dearborn Heights,Michigan,0.0,0.0,0,0.0,0.0,1.0
653,Rocky Mount,North Carolina,0.0,0.0,0,0.0,0.0,1.0
654,Lehi,Utah,0.0,0.0,0,0.0,0.0,1.0
655,Manhattan,Kansas,0.0,0.0,0,0.0,0.0,1.0
656,St. Peters,Missouri,0.0,0.0,0,0.0,0.0,1.0
657,Margate,Florida,0.0,0.0,0,0.0,0.0,1.0
658,Grand Forks,North Dakota,0.0,0.0,0,0.0,0.0,1.0
641,New Brunswick,New Jersey,0.0,0.0,0,0.0,0.0,1.0
639,Tinley Park,Illinois,0.0,0.0,0,0.0,0.0,1.0
619,Royal Oak,Michigan,0.0,0.0,0,0.0,0.0,1.0
638,Woodland,California,0.0,0.0,0,0.0,0.0,1.0
620,Des Plaines,Illinois,0.0,0.0,0,0.0,0.0,1.0
621,San Marcos,Texas,0.0,0.0,0,0.0,0.0,1.0
622,Port Orange,Florida,0.0,0.0,0,29.1383165,-80.9956105,1.0
623,Idaho Falls,Idaho,0.0,0.0,0,0.0,0.0,1.0
624,Orland Park,Illinois,0.0,0.0,0,0.0,0.0,1.0
625,Coconut Creek,Florida,0.0,0.0,0,0.0,0.0,1.0
626,Dubuque,Iowa,0.0,0.0,0,0.0,0.0,1.0
627,Novi,Michigan,0.0,0.0,0,0.0,0.0,1.0
628,Rowlett,Texas,0.0,0.0,0,0.0,0.0,1.0
629,Owensboro,Kentucky,0.0,0.0,0,0.0,0.0,1.0
630,Bartlett,Tennessee,0.0,0.0,0,0.0,0.0,1.0
632,White Plains,New York,0.0,0.0,0,0.0,0.0,1.0
633,Bowie,Maryland,0.0,0.0,0,0.0,0.0,1.0
634,Ocala,Florida,0.0,0.0,0,0.0,0.0,1.0
635,Noblesville,Indiana,0.0,0.0,0,0.0,0.0,1.0
636,Sanford,Florida,0.0,0.0,0,0.0,0.0,1.0
637,Medford,Massachusetts,0.0,0.0,0,0.0,0.0,1.0
574,La Habra,California,0.0,0.0,0,0.0,0.0,1.0
573,Coon Rapids,Minnesota,0.0,0.0,0,0.0,0.0,1.0
572,Broomfield,Colorado,0.0,0.0,0,0.0,0.0,1.0
509,St. Charles,Missouri,0.0,0.0,0,0.0,0.0,1.0
511,Eau Claire,Wisconsin,0.0,0.0,0,0.0,0.0,1.0
512,Walnut Creek,California,0.0,0.0,0,0.0,0.0,1.0
513,Bossier City,Louisiana,0.0,0.0,0,0.0,0.0,1.0
514,Jackson,Tennessee,0.0,0.0,0,0.0,0.0,1.0
515,Kenner,Louisiana,0.0,0.0,0,0.0,0.0,1.0
516,South San Francisco,California,0.0,0.0,0,0.0,0.0,1.0
517,Palo Alto,California,0.0,0.0,0,0.0,0.0,1.0
518,Maple Grove,Minnesota,0.0,0.0,0,0.0,0.0,1.0
519,Camarillo,California,0.0,0.0,0,0.0,0.0,1.0
520,Gaithersburg,Maryland,0.0,0.0,0,0.0,0.0,1.0
521,North Little Rock,Arkansas,0.0,0.0,0,0.0,0.0,1.0
522,Woodbury,Minnesota,0.0,0.0,0,0.0,0.0,1.0
523,Davis,California,0.0,0.0,0,0.0,0.0,1.0
524,Kissimmee,Florida,0.0,0.0,0,0.0,0.0,1.0
525,Portland,Maine,0.0,0.0,0,0.0,0.0,1.0
526,Oshkosh,Wisconsin,0.0,0.0,0,0.0,0.0,1.0
527,New Braunfels,Texas,0.0,0.0,0,0.0,0.0,1.0
510,Yorba Linda,California,0.0,0.0,0,0.0,0.0,1.0
508,Pittsburg,California,0.0,0.0,0,0.0,0.0,1.0
529,Victoria,Texas,0.0,0.0,0,0.0,0.0,1.0
507,Redondo Beach,California,0.0,0.0,0,0.0,0.0,1.0
489,Santa Fe,New Mexico,0.0,0.0,0,0.0,0.0,1.0
490,Muncie,Indiana,0.0,0.0,0,0.0,0.0,1.0
491,Rock Hill,South Carolina,0.0,0.0,0,0.0,0.0,1.0
492,Missoula,Montana,0.0,0.0,0,0.0,0.0,1.0
493,Rancho Cordova,California,0.0,0.0,0,0.0,0.0,1.0
494,Flower Mound,Texas,0.0,0.0,0,0.0,0.0,1.0
495,Palatine,Illinois,0.0,0.0,0,0.0,0.0,1.0
496,Weston,Florida,0.0,0.0,0,0.0,0.0,1.0
497,Jacksonville,North Carolina,0.0,0.0,0,0.0,0.0,1.0
498,Bismarck,North Dakota,0.0,0.0,0,0.0,0.0,1.0
499,Flagstaff,Arizona,0.0,0.0,0,0.0,0.0,1.0
501,Pasco,Washington,0.0,0.0,0,0.0,0.0,1.0
502,North Richland Hills,Texas,0.0,0.0,0,0.0,0.0,1.0
503,Mount Vernon,New York,0.0,0.0,0,0.0,0.0,1.0
504,Dothan,Alabama,0.0,0.0,0,0.0,0.0,1.0
505,Frederick,Maryland,0.0,0.0,0,0.0,0.0,1.0
506,Waterloo,Iowa,0.0,0.0,0,0.0,0.0,1.0
528,St. Cloud,Minnesota,0.0,0.0,0,0.0,0.0,1.0
530,Eagan,Minnesota,0.0,0.0,0,0.0,0.0,1.0
571,Council Bluffs,Iowa,0.0,0.0,0,0.0,0.0,1.0
551,Montebello,California,0.0,0.0,0,0.0,0.0,1.0
553,Lorain,Ohio,0.0,0.0,0,0.0,0.0,1.0
554,Madera,California,0.0,0.0,0,0.0,0.0,1.0
555,Cedar Park,Texas,0.0,0.0,0,0.0,0.0,1.0
556,Santa Cruz,California,0.0,0.0,0,0.0,0.0,1.0
557,West Des Moines,Iowa,0.0,0.0,0,0.0,0.0,1.0
559,Eden Prairie,Minnesota,0.0,0.0,0,0.0,0.0,1.0
560,Alpharetta,Georgia,0.0,0.0,0,0.0,0.0,1.0
561,Waltham,Massachusetts,0.0,0.0,0,0.0,0.0,1.0
562,Daytona Beach,Florida,0.0,0.0,0,0.0,0.0,1.0
563,Cheyenne,Wyoming,0.0,0.0,0,0.0,0.0,1.0
564,South Jordan,Utah,0.0,0.0,0,0.0,0.0,1.0
565,Haverhill,Massachusetts,0.0,0.0,0,0.0,0.0,1.0
566,Hamilton,Ohio,0.0,0.0,0,0.0,0.0,1.0
567,Bowling Green,Kentucky,0.0,0.0,0,0.0,0.0,1.0
568,Encinitas,California,0.0,0.0,0,0.0,0.0,1.0
569,Greenville,South Carolina,0.0,0.0,0,0.0,0.0,1.0
570,Mansfield,Texas,0.0,0.0,0,0.0,0.0,1.0
552,Tamarac,Florida,0.0,0.0,0,0.0,0.0,1.0
550,Lodi,California,0.0,0.0,0,0.0,0.0,1.0
531,Bayonne,New Jersey,0.0,0.0,0,0.0,0.0,1.0
549,Janesville,Wisconsin,0.0,0.0,0,0.0,0.0,1.0
532,Rockville,Maryland,0.0,0.0,0,0.0,0.0,1.0
533,Schenectady,New York,0.0,0.0,0,0.0,0.0,1.0
534,Harlingen,Texas,0.0,0.0,0,0.0,0.0,1.0
535,Conroe,Texas,0.0,0.0,0,0.0,0.0,1.0
536,Johnson City,Tennessee,0.0,0.0,0,0.0,0.0,1.0
537,Yuba City,California,0.0,0.0,0,0.0,0.0,1.0
538,Homestead,Florida,0.0,0.0,0,0.0,0.0,1.0
539,Laguna Niguel,California,0.0,0.0,0,0.0,0.0,1.0
540,San Clemente,California,0.0,0.0,0,0.0,0.0,1.0
541,Skokie,Illinois,0.0,0.0,0,0.0,0.0,1.0
542,Marysville,Washington,0.0,0.0,0,0.0,0.0,1.0
543,East Orange,New Jersey,0.0,0.0,0,0.0,0.0,1.0
544,Youngstown,Ohio,0.0,0.0,0,0.0,0.0,1.0
545,Delray Beach,Florida,0.0,0.0,0,0.0,0.0,1.0
546,Shawnee,Kansas,0.0,0.0,0,0.0,0.0,1.0
547,Conway,Arkansas,0.0,0.0,0,0.0,0.0,1.0
548,Pico Rivera,California,0.0,0.0,0,0.0,0.0,1.0
999,Texarkana,Texas,0.0,0.0,0,0.0,0.0,1.0
